,close,value
2000-01-07 00:00:00,,5.5
2000-01-14 00:00:00,,5.4000000000000004
2000-01-21 00:00:00,,5.2000000000000002
2000-01-28 00:00:00,,5.1375000000000002
2000-02-04 00:00:00,,5.5875000000000004
2000-02-11 00:00:00,,5.2000000000000002
2000-02-18 00:00:00,,5.5562500000000004
2000-02-25 00:00:00,,5.8626250000000004
2000-03-03 00:00:00,,6.0375000000000005
2000-03-10 00:00:00,,6.2125000000000004
2000-03-17 00:00:00,,5.8625000000000007
2000-03-24 00:00:00,,5.8125
2000-03-31 00:00:00,,5.9000000000000004
2000-04-07 00:00:00,,6.2000000000000002
2000-04-14 00:00:00,,5.5737500000000004
2000-04-21 00:00:00,,5.1000000000000005
2000-04-28 00:00:00,,5.3762500000000006
2000-05-05 00:00:00,,5.4875000000000007
2000-05-12 00:00:00,,5.3062500000000004
2000-05-19 00:00:00,,5.4125000000000005
2000-05-26 00:00:00,,5.2512500000000006
2000-06-02 00:00:00,,5.812875
2000-06-09 00:00:00,,6.2750000000000004
2000-06-16 00:00:00,,6.3123750000000003
2000-06-23 00:00:00,,6.4387499999999998
2000-06-30 00:00:00,,6.8125
2000-07-07 00:00:00,,6.7062499999999998
2000-07-14 00:00:00,,6.25
2000-07-21 00:00:00,,6.4625000000000004
2000-07-28 00:00:00,,5.8312499999999998
2000-08-04 00:00:00,,5.75
2000-08-11 00:00:00,,6.2374999999999998
2000-08-18 00:00:00,,6.4749999999999996
2000-08-25 00:00:00,,6.6875
2000-09-01 00:00:00,,6.90625
2000-09-08 00:00:00,,7.0625
2000-09-15 00:00:00,,6.7874999999999996
2000-09-22 00:00:00,,6.4737499999999999
2000-09-29 00:00:00,,6.5875000000000004
2000-10-06 00:00:00,,6.4749999999999996
2000-10-13 00:00:00,,6.7050000000000001
2000-10-20 00:00:00,,6.25
2000-10-27 00:00:00,,6.1712499999999997
2000-11-03 00:00:00,,6.2625000000000002
2000-11-10 00:00:00,,6.2887500000000003
2000-11-17 00:00:00,,6.4874999999999998
2000-11-24 00:00:00,,6.3137499999999998
2000-12-01 00:00:00,,5.9000000000000004
2000-12-08 00:00:00,,5.6500000000000004
2000-12-15 00:00:00,,5.9112499999999999
2000-12-22 00:00:00,,5.625
2000-12-29 00:00:00,,5.7225000000000001
2001-01-05 00:00:00,,6.1912500000000001
2001-01-12 00:00:00,,6.4124999999999996
2001-01-19 00:00:00,,6.9087500000000004
2001-01-26 00:00:00,,6.7937500000000002
2001-02-02 00:00:00,,6.7249999999999996
2001-02-09 00:00:00,,7.0012499999999998
2001-02-16 00:00:00,,7.0512499999999996
2001-02-23 00:00:00,,6.9625000000000004
2001-03-02 00:00:00,,7.0625
2001-03-09 00:00:00,,7.1375000000000002
2001-03-16 00:00:00,,6.38375
2001-03-23 00:00:00,,6.0612500000000002
2001-03-30 00:00:00,,5.8712499999999999
2001-04-06 00:00:00,,6.3499999999999996
2001-04-13 00:00:00,,6.1875
2001-04-20 00:00:00,,6.0374999999999996
2001-04-27 00:00:00,,6.6762499999999996
2001-05-04 00:00:00,,6.9375
2001-05-11 00:00:00,,7.0625
2001-05-18 00:00:00,,7.2487500000000002
2001-05-25 00:00:00,,7.2374999999999998
2001-06-01 00:00:00,,7.53125
2001-06-08 00:00:00,,7.2125000000000004
2001-06-15 00:00:00,,7.0887500000000001
2001-06-22 00:00:00,,7.1500000000000004
2001-06-29 00:00:00,,6.7487500000000002
2001-07-06 00:00:00,,6.5250000000000004
2001-07-13 00:00:00,,6.7249999999999996
2001-07-20 00:00:00,,6.625
2001-07-27 00:00:00,,6.6875
2001-08-03 00:00:00,,6.6150000000000002
2001-08-10 00:00:00,,6.6737500000000001
2001-08-17 00:00:00,,6.5750000000000002
2001-08-24 00:00:00,,6.9824999999999999
2001-08-31 00:00:00,,6.875
2001-09-07 00:00:00,,6.9762500000000003
2001-09-14 00:00:00,,6.375
2001-09-21 00:00:00,,6.6387499999999999
2001-09-28 00:00:00,,6.4124999999999996
2001-10-05 00:00:00,,6.28125
2001-10-12 00:00:00,,6.6875
2001-10-19 00:00:00,,6.5125000000000002
2001-10-26 00:00:00,,6.5875000000000004
2001-11-02 00:00:00,,6.3624999999999998
2001-11-09 00:00:00,,6.7612500000000004
2001-11-16 00:00:00,,5.7249999999999996
2001-11-23 00:00:00,,6.2374999999999998
2001-11-30 00:00:00,,6.1375000000000002
2001-12-07 00:00:00,,6.2062499999999998
2001-12-14 00:00:00,,5.9375
2001-12-21 00:00:00,,6.0337500000000004
2001-12-28 00:00:00,,6.3937499999999998
2002-01-04 00:00:00,,6.4100000000000001
2002-01-11 00:00:00,,6.2750000000000004
2002-01-18 00:00:00,,6.11625
2002-01-25 00:00:00,,5.8712499999999999
2002-02-01 00:00:00,,6.0250000000000004
2002-02-08 00:00:00,,5.9450000000000003
2002-02-15 00:00:00,,6.2937500000000002
2002-02-22 00:00:00,,6.4874999999999998
2002-03-01 00:00:00,,7.2374999999999998
2002-03-08 00:00:00,,7.0362499999999999
2002-03-15 00:00:00,,7.5012499999999998
2002-03-22 00:00:00,,7.2999999999999998
2002-03-29 00:00:00,,7.21875
2002-04-05 00:00:00,,7.1500000000000004
2002-04-12 00:00:00,,6.9024999999999999
2002-04-19 00:00:00,,6.9900000000000002
2002-04-26 00:00:00,,6.7725
2002-05-03 00:00:00,,6.7725
2002-05-10 00:00:00,,6.6237500000000002
2002-05-17 00:00:00,,6.7625000000000002
2002-05-24 00:00:00,,7.0125000000000002
2002-05-31 00:00:00,,6.8150000000000004
2002-06-07 00:00:00,,6.6737500000000001
2002-06-14 00:00:00,,6.1662499999999998
2002-06-21 00:00:00,,5.2750000000000004
2002-06-28 00:00:00,,6.1375000000000002
2002-07-05 00:00:00,,5.80375
2002-07-12 00:00:00,,5.6699999999999999
2002-07-19 00:00:00,,5.5075000000000003
2002-07-26 00:00:00,,4.8700000000000001
2002-08-02 00:00:00,,5.4124999999999996
2002-08-09 00:00:00,,5.625
2002-08-16 00:00:00,,5.09375
2002-08-23 00:00:00,,5.1624999999999996
2002-08-30 00:00:00,,5.5
2002-09-06 00:00:00,,5.67875
2002-09-13 00:00:00,,6.0137499999999999
2002-09-20 00:00:00,,5.4625000000000004
2002-09-27 00:00:00,,4.4987500000000002
2002-10-04 00:00:00,,5.0812499999999998
2002-10-11 00:00:00,,4.6312499999999996
2002-10-18 00:00:00,,4.875
2002-10-25 00:00:00,,5.4262499999999996
2002-11-01 00:00:00,,5.5237499999999997
2002-11-08 00:00:00,,5.4500000000000002
2002-11-15 00:00:00,,5.4312500000000004
2002-11-22 00:00:00,,5.6624999999999996
2002-11-29 00:00:00,,5.5562500000000004
2002-12-06 00:00:00,,5.5612500000000002
2002-12-13 00:00:00,,5.6375000000000002
2002-12-20 00:00:00,,6.0875000000000004
2002-12-27 00:00:00,,5.8312499999999998
2003-01-03 00:00:00,,5.8624999999999998
2003-01-10 00:00:00,,6.5637499999999998
2003-01-17 00:00:00,,6.3250000000000002
2003-01-24 00:00:00,,5.6387499999999999
2003-01-31 00:00:00,,5.9387499999999998
2003-02-07 00:00:00,,5.625
2003-02-14 00:00:00,,5.7337499999999997
2003-02-21 00:00:00,,5.6375000000000002
2003-02-28 00:00:00,,5.3362499999999997
2003-03-07 00:00:00,,5.5125000000000002
2003-03-14 00:00:00,,5.7625000000000002
2003-03-21 00:00:00,,6.0250000000000004
2003-03-28 00:00:00,,5.8125
2003-04-04 00:00:00,,6.1299999999999999
2003-04-11 00:00:00,,5.7937500000000002
2003-04-18 00:00:00,,5.9375
2003-04-25 00:00:00,,5.9249999999999998
2003-05-02 00:00:00,,6.3375000000000004
2003-05-09 00:00:00,,6.5612500000000002
2003-05-16 00:00:00,,6.78125
2003-05-23 00:00:00,,6.625
2003-05-30 00:00:00,,6.5987499999999999
2003-06-06 00:00:00,,6.7874999999999996
2003-06-13 00:00:00,,6.7649999999999997
2003-06-20 00:00:00,,6.3875000000000002
2003-06-27 00:00:00,,6.3425000000000002
2003-07-04 00:00:00,,6.6237500000000002
2003-07-11 00:00:00,,6.7912499999999998
2003-07-18 00:00:00,,7.15625
2003-07-25 00:00:00,,7.0
2003-08-01 00:00:00,,6.7249999999999996
2003-08-08 00:00:00,,7.21875
2003-08-15 00:00:00,,7.2887500000000003
2003-08-22 00:00:00,,7.2374999999999998
2003-08-29 00:00:00,,7.5999999999999996
2003-09-05 00:00:00,,8.1024999999999991
2003-09-12 00:00:00,,8.0374999999999996
2003-09-19 00:00:00,,7.8499999999999996
2003-09-26 00:00:00,,7.5437500000000002
2003-10-03 00:00:00,,8.2249999999999996
2003-10-10 00:00:00,,8.3137500000000006
2003-10-17 00:00:00,,8.0749999999999993
2003-10-24 00:00:00,,7.9437499999999996
2003-10-31 00:00:00,,7.875
2003-11-07 00:00:00,,8.1624999999999996
2003-11-14 00:00:00,,8.5875000000000004
2003-11-21 00:00:00,,8.5812500000000007
2003-11-28 00:00:00,,8.3599999999999994
2003-12-05 00:00:00,,8.5749999999999993
2003-12-12 00:00:00,,9.0325000000000006
2003-12-19 00:00:00,,9.4625000000000004
2003-12-26 00:00:00,,9.3650000000000002
2004-01-02 00:00:00,,9.9000000000000004
2004-01-09 00:00:00,,10.725
2004-01-16 00:00:00,,10.5
2004-01-23 00:00:00,,10.63875
2004-01-30 00:00:00,,9.7862500000000008
2004-02-06 00:00:00,,10.202500000000001
2004-02-13 00:00:00,,10.723750000000001
2004-02-20 00:00:00,,10.112500000000001
2004-02-27 00:00:00,,10.25
2004-03-05 00:00:00,,10.710000000000001
2004-03-12 00:00:00,,10.43375
2004-03-19 00:00:00,,10.473750000000001
2004-03-26 00:00:00,,10.33625
2004-04-02 00:00:00,,10.8125
2004-04-09 00:00:00,,10.873749999999999
2004-04-16 00:00:00,,10.581250000000001
2004-04-23 00:00:00,,10.2225
2004-04-30 00:00:00,,9.3375000000000004
2004-05-07 00:00:00,,8.9499999999999993
2004-05-14 00:00:00,,9.1500000000000004
2004-05-21 00:00:00,,8.4012499999999992
2004-05-28 00:00:00,,8.875
2004-06-04 00:00:00,,9.0987500000000008
2004-06-11 00:00:00,,9.0500000000000007
2004-06-18 00:00:00,,9.3625000000000007
2004-06-25 00:00:00,,9.5124999999999993
2004-07-02 00:00:00,,9.5999999999999996
2004-07-09 00:00:00,,9.2624999999999993
2004-07-16 00:00:00,,9.7974999999999994
2004-07-23 00:00:00,,9.3499999999999996
2004-07-30 00:00:00,,9.7624999999999993
2004-08-06 00:00:00,,9.7750000000000004
2004-08-13 00:00:00,,9.9375
2004-08-20 00:00:00,,10.581250000000001
2004-08-27 00:00:00,,10.34125
2004-09-03 00:00:00,,10.4
2004-09-10 00:00:00,,10.501250000000001
2004-09-17 00:00:00,,10.91
2004-09-24 00:00:00,,11.5175
2004-10-01 00:00:00,,11.75
2004-10-08 00:00:00,,12.1
2004-10-15 00:00:00,,11.6275
2004-10-22 00:00:00,,11.85
2004-10-29 00:00:00,,11.68125
2004-11-05 00:00:00,,11.975
2004-11-12 00:00:00,,11.975
2004-11-19 00:00:00,,11.3125
2004-11-26 00:00:00,,11.727499999999999
2004-12-03 00:00:00,,11.66375
2004-12-10 00:00:00,,11.487500000000001
2004-12-17 00:00:00,,11.84
2004-12-24 00:00:00,,12.081250000000001
2004-12-31 00:00:00,,12.143750000000001
2005-01-07 00:00:00,,11.67625
2005-01-14 00:00:00,,11.762499999999999
2005-01-21 00:00:00,,11.387499999999999
2005-01-28 00:00:00,,11.6
2005-02-04 00:00:00,,12.1625
2005-02-11 00:00:00,,12.848750000000001
2005-02-18 00:00:00,,12.8375
2005-02-25 00:00:00,,14.13125
2005-03-04 00:00:00,,14.4125
2005-03-11 00:00:00,,13.449999999999999
2005-03-18 00:00:00,,13.25
2005-03-25 00:00:00,,12.824999999999999
2005-04-01 00:00:00,,12.987500000000001
2005-04-08 00:00:00,,12.5
2005-04-15 00:00:00,,11.725
2005-04-22 00:00:00,,11.637499999999999
2005-04-29 00:00:00,,11.8125
2005-05-06 00:00:00,,12.34125
2005-05-13 00:00:00,,11.5625
2005-05-20 00:00:00,,12.275
2005-05-27 00:00:00,,12.6
2005-06-03 00:00:00,,12.9975
2005-06-10 00:00:00,,12.7125
2005-06-17 00:00:00,,13.4625
2005-06-24 00:00:00,,13.3125
2005-07-01 00:00:00,,13.52375
2005-07-08 00:00:00,,13.563750000000001
2005-07-15 00:00:00,,13.1
2005-07-22 00:00:00,,13.487500000000001
2005-07-29 00:00:00,,13.6225
2005-08-05 00:00:00,,14.275
2005-08-12 00:00:00,,15.300000000000001
2005-08-19 00:00:00,,14.975
2005-08-26 00:00:00,,15.22625
2005-09-02 00:00:00,,16.050000000000001
2005-09-09 00:00:00,,16.925000000000001
2005-09-16 00:00:00,,17.385000000000002
2005-09-23 00:00:00,,17.890000000000001
2005-09-30 00:00:00,,17.824999999999999
2005-10-07 00:00:00,,15.85
2005-10-14 00:00:00,,15.59
2005-10-21 00:00:00,,15.289999999999999
2005-10-28 00:00:00,,15.574999999999999
2005-11-04 00:00:00,,16.324999999999999
2005-11-11 00:00:00,,15.425000000000001
2005-11-18 00:00:00,,16.350000000000001
2005-11-25 00:00:00,,17.135000000000002
2005-12-02 00:00:00,,17.789999999999999
2005-12-09 00:00:00,,18.050000000000001
2005-12-16 00:00:00,,18.149999999999999
2005-12-23 00:00:00,,18.324999999999999
2005-12-30 00:00:00,,18.605
2006-01-06 00:00:00,,20.425000000000001
2006-01-13 00:00:00,,21.300000000000001
2006-01-20 00:00:00,,22.125
2006-01-27 00:00:00,,22.495000000000001
2006-02-03 00:00:00,,22.094999999999999
2006-02-10 00:00:00,,20.68
2006-02-17 00:00:00,,22.0
2006-02-24 00:00:00,,22.375
2006-03-03 00:00:00,,22.75
2006-03-10 00:00:00,,20.605
2006-03-17 00:00:00,,21.399999999999999
2006-03-24 00:00:00,,21.225000000000001
2006-03-31 00:00:00,,21.57
2006-04-07 00:00:00,,21.914999999999999
2006-04-14 00:00:00,,21.675000000000001
2006-04-21 00:00:00,,23.155000000000001
2006-04-28 00:00:00,,23.114999999999998
2006-05-05 00:00:00,,23.739999999999998
2006-05-12 00:00:00,,23.449999999999999
2006-05-19 00:00:00,,21.640000000000001
2006-05-26 00:00:00,,22.5
2006-06-02 00:00:00,,22.34
2006-06-09 00:00:00,,19.690000000000001
2006-06-16 00:00:00,,20.149999999999999
2006-06-23 00:00:00,,20.524999999999999
2006-06-30 00:00:00,,21.59
2006-07-07 00:00:00,,21.399999999999999
2006-07-14 00:00:00,,22.120000000000001
2006-07-21 00:00:00,,21.0
2006-07-28 00:00:00,,22.550000000000001
2006-08-04 00:00:00,,22.844999999999999
2006-08-11 00:00:00,,22.699999999999999
2006-08-18 00:00:00,,22.445
2006-08-25 00:00:00,,21.949999999999999
2006-09-01 00:00:00,,21.940000000000001
2006-09-08 00:00:00,,20.600000000000001
2006-09-15 00:00:00,,19.625
2006-09-22 00:00:00,,19.07
2006-09-29 00:00:00,,20.295000000000002
2006-10-06 00:00:00,,20.100000000000001
2006-10-13 00:00:00,,20.824999999999999
2006-10-20 00:00:00,,20.550000000000001
2006-10-27 00:00:00,,21.530000000000001
2006-11-03 00:00:00,,21.600000000000001
2006-11-10 00:00:00,,22.675000000000001
2006-11-17 00:00:00,,21.75
2006-11-24 00:00:00,,22.149999999999999
2006-12-01 00:00:00,,22.649999999999999
2006-12-08 00:00:00,,23.585000000000001
2006-12-15 00:00:00,,23.625
2006-12-22 00:00:00,,24.085000000000001
2006-12-29 00:00:00,,24.899999999999999
2007-01-05 00:00:00,,23.094999999999999
2007-01-12 00:00:00,,22.574999999999999
2007-01-19 00:00:00,,22.59
2007-01-26 00:00:00,,23.25
2007-02-02 00:00:00,,23.649999999999999
2007-02-09 00:00:00,,22.399999999999999
2007-02-16 00:00:00,,22.164999999999999
2007-02-23 00:00:00,,22.715
2007-03-02 00:00:00,,20.530000000000001
2007-03-09 00:00:00,,21.254999999999999
2007-03-16 00:00:00,,20.109999999999999
2007-03-23 00:00:00,,22.039999999999999
2007-03-30 00:00:00,,23.07
2007-04-06 00:00:00,,23.100000000000001
2007-04-13 00:00:00,,23.855
2007-04-20 00:00:00,,23.5
2007-04-27 00:00:00,,23.050000000000001
2007-05-04 00:00:00,,23.010000000000002
2007-05-11 00:00:00,,22.614999999999998
2007-05-18 00:00:00,,23.25
2007-05-25 00:00:00,,23.350000000000001
2007-06-01 00:00:00,,23.550000000000001
2007-06-08 00:00:00,,23.699999999999999
2007-06-15 00:00:00,,25.375
2007-06-22 00:00:00,,25.655000000000001
2007-06-29 00:00:00,,25.82
2007-07-06 00:00:00,,27.370000000000001
2007-07-13 00:00:00,,27.920000000000002
2007-07-20 00:00:00,,28.289999999999999
2007-07-27 00:00:00,,25.530000000000001
2007-08-03 00:00:00,,25.25
2007-08-10 00:00:00,,24.75
2007-08-17 00:00:00,,23.199999999999999
2007-08-24 00:00:00,,24.875
2007-08-31 00:00:00,,26.100000000000001
2007-09-07 00:00:00,,27.039999999999999
2007-09-14 00:00:00,,27.149999999999999
2007-09-21 00:00:00,,29.25
2007-09-28 00:00:00,,29.600000000000001
2007-10-05 00:00:00,,30.824999999999999
2007-10-12 00:00:00,,32.369999999999997
2007-10-19 00:00:00,,31.5
2007-10-26 00:00:00,,35.549999999999997
2007-11-02 00:00:00,,35.725000000000001
2007-11-09 00:00:00,,40.825000000000003
2007-11-16 00:00:00,,39.399999999999999
2007-11-23 00:00:00,,38.25
2007-11-30 00:00:00,,35.950000000000003
2007-12-07 00:00:00,,40.024999999999999
2007-12-14 00:00:00,,40.600000000000001
2007-12-21 00:00:00,,42.515000000000001
2007-12-28 00:00:00,,44.200000000000003
2008-01-04 00:00:00,,40.700000000000003
2008-01-11 00:00:00,,40.780000000000001
2008-01-18 00:00:00,,35.899999999999999
2008-01-25 00:00:00,,38.369999999999997
2008-02-01 00:00:00,,40.850000000000001
2008-02-08 00:00:00,,40.899999999999999
2008-02-15 00:00:00,,41.399999999999999
2008-02-22 00:00:00,,42.149999999999999
2008-02-29 00:00:00,,40.725000000000001
2008-03-07 00:00:00,,39.079999999999998
2008-03-14 00:00:00,,38.369999999999997
2008-03-21 00:00:00,,34.700000000000003
2008-03-28 00:00:00,,36.305
2008-04-04 00:00:00,,39.5
2008-04-11 00:00:00,,39.274999999999999
2008-04-18 00:00:00,,42.649999999999999
2008-04-25 00:00:00,,42.149999999999999
2008-05-02 00:00:00,,43.0
2008-05-09 00:00:00,,45.670000000000002
2008-05-16 00:00:00,,48.149999999999999
2008-05-23 00:00:00,,50.560000000000002
2008-05-30 00:00:00,,49.0
2008-06-06 00:00:00,,47.590000000000003
2008-06-13 00:00:00,,45.899999999999999
2008-06-20 00:00:00,,43.130000000000003
2008-06-27 00:00:00,,45.299999999999997
2008-07-04 00:00:00,,43.200000000000003
2008-07-11 00:00:00,,40.600000000000001
2008-07-18 00:00:00,,38.200000000000003
2008-07-25 00:00:00,,34.5
2008-08-01 00:00:00,,34.509999999999998
2008-08-08 00:00:00,,33.549999999999997
2008-08-15 00:00:00,,32.670000000000002
2008-08-22 00:00:00,,35.289999999999999
2008-08-29 00:00:00,,34.899999999999999
2008-09-05 00:00:00,,31.859999999999999
2008-09-12 00:00:00,,33.0
2008-09-19 00:00:00,,34.979999999999997
2008-09-26 00:00:00,,35.43
2008-10-03 00:00:00,,31.0
2008-10-10 00:00:00,,24.0
2008-10-17 00:00:00,,22.989999999999998
2008-10-24 00:00:00,,20.399999999999999
2008-10-31 00:00:00,,23.309999999999999
2008-11-07 00:00:00,,23.260000000000002
2008-11-14 00:00:00,,20.760000000000002
2008-11-21 00:00:00,,16.890000000000001
2008-11-28 00:00:00,,20.059999999999999
2008-12-05 00:00:00,,18.16
2008-12-12 00:00:00,,22.600000000000001
2008-12-19 00:00:00,,23.350000000000001
2008-12-26 00:00:00,,22.800000000000001
2009-01-02 00:00:00,,24.539999999999999
2009-01-09 00:00:00,,25.399999999999999
2009-01-16 00:00:00,,24.280000000000001
2009-01-23 00:00:00,,23.59
2009-01-30 00:00:00,,25.030000000000001
2009-02-06 00:00:00,,27.100000000000001
2009-02-13 00:00:00,,27.600000000000001
2009-02-20 00:00:00,,25.780000000000001
2009-02-27 00:00:00,,26.399999999999999
2009-03-06 00:00:00,,25.670000000000002
2009-03-13 00:00:00,,27.699999999999999
2009-03-20 00:00:00,,29.100000000000001
2009-03-27 00:00:00,,29.600000000000001
2009-04-03 00:00:00,,30.399999999999999
2009-04-10 00:00:00,,30.84
2009-04-17 00:00:00,,29.52
2009-04-24 00:00:00,,29.309999999999999
2009-05-01 00:00:00,,29.539999999999999
2009-05-08 00:00:00,,33.0
2009-05-15 00:00:00,,31.300000000000001
2009-05-22 00:00:00,,32.869999999999997
2009-05-29 00:00:00,,34.450000000000003
2009-06-05 00:00:00,,33.979999999999997
2009-06-12 00:00:00,,33.950000000000003
2009-06-19 00:00:00,,31.949999999999999
2009-06-26 00:00:00,,32.25
2009-07-03 00:00:00,,31.010000000000002
2009-07-10 00:00:00,,29.670000000000002
2009-07-17 00:00:00,,31.5
2009-07-24 00:00:00,,32.5
2009-07-31 00:00:00,,31.469999999999999
2009-08-07 00:00:00,,32.0
2009-08-14 00:00:00,,32.350000000000001
2009-08-21 00:00:00,,33.630000000000003
2009-08-28 00:00:00,,32.549999999999997
2009-09-04 00:00:00,,32.509999999999998
2009-09-11 00:00:00,,33.140000000000001
2009-09-18 00:00:00,,34.649999999999999
2009-09-25 00:00:00,,34.109999999999999
2009-10-02 00:00:00,,34.159999999999997
2009-10-09 00:00:00,,35.640000000000001
2009-10-16 00:00:00,,36.399999999999999
2009-10-23 00:00:00,,36.5
2009-10-30 00:00:00,,35.039999999999999
2009-11-06 00:00:00,,36.049999999999997
2009-11-13 00:00:00,,37.130000000000003
2009-11-20 00:00:00,,38.5
2009-11-27 00:00:00,,38.899999999999999
2009-12-04 00:00:00,,38.399999999999999
2009-12-11 00:00:00,,37.799999999999997
2009-12-18 00:00:00,,36.579999999999998
2009-12-25 00:00:00,,36.700000000000003
2010-01-01 00:00:00,,36.689999999999998
2010-01-08 00:00:00,,36.950000000000003
2010-01-15 00:00:00,,35.75
2010-01-22 00:00:00,,34.75
2010-01-29 00:00:00,,34.170000000000002
2010-02-05 00:00:00,,31.52
2010-02-12 00:00:00,,33.799999999999997
2010-02-19 00:00:00,,34.350000000000001
2010-02-26 00:00:00,,34.609999999999999
2010-03-05 00:00:00,,35.810000000000002
2010-03-12 00:00:00,,37.060000000000002
2010-03-19 00:00:00,,36.229999999999997
2010-03-26 00:00:00,,34.5
2010-04-02 00:00:00,,35.75
2010-04-09 00:00:00,,35.229999999999997
2010-04-16 00:00:00,,32.950000000000003
2010-04-23 00:00:00,,34.0
2010-04-30 00:00:00,,32.799999999999997
2010-05-07 00:00:00,,29.75
2010-05-14 00:00:00,,30.09
2010-05-21 00:00:00,,27.579999999999998
2010-05-28 00:00:00,,28.199999999999999
2010-06-04 00:00:00,,29.25
2010-06-11 00:00:00,,29.620000000000001
2010-06-18 00:00:00,,29.489999999999998
2010-06-25 00:00:00,,27.91
2010-07-02 00:00:00,,26.77
2010-07-09 00:00:00,,27.579999999999998
2010-07-16 00:00:00,,26.84
2010-07-23 00:00:00,,27.789999999999999
2010-07-30 00:00:00,,27.850000000000001
2010-08-06 00:00:00,,29.09
2010-08-13 00:00:00,,27.66
2010-08-20 00:00:00,,26.780000000000001
2010-08-27 00:00:00,,26.559999999999999
2010-09-03 00:00:00,,28.800000000000001
2010-09-10 00:00:00,,27.52
2010-09-17 00:00:00,,26.440000000000001
2010-09-24 00:00:00,,26.300000000000001
2010-10-01 00:00:00,,27.5
2010-10-08 00:00:00,,26.0
2010-10-15 00:00:00,,26.289999999999999
2010-10-22 00:00:00,,24.210000000000001
2010-10-29 00:00:00,,25.850000000000001
2010-11-05 00:00:00,,27.25
2010-11-12 00:00:00,,25.850000000000001
2010-11-19 00:00:00,,25.699999999999999
2010-11-26 00:00:00,,24.600000000000001
2010-12-03 00:00:00,,25.699999999999999
2010-12-10 00:00:00,,25.699999999999999
2010-12-17 00:00:00,,25.940000000000001
2010-12-24 00:00:00,,25.75
2010-12-31 00:00:00,,27.289999999999999
2011-01-07 00:00:00,,26.73
2011-01-14 00:00:00,,27.550000000000001
2011-01-21 00:00:00,,27.050000000000001
2011-01-28 00:00:00,,26.670000000000002
2011-02-04 00:00:00,,27.620000000000001
2011-02-11 00:00:00,,26.399999999999999
2011-02-18 00:00:00,,27.370000000000001
2011-02-25 00:00:00,,28.600000000000001
2011-03-04 00:00:00,,29.079999999999998
2011-03-11 00:00:00,,28.170000000000002
2011-03-18 00:00:00,,27.899999999999999
2011-03-25 00:00:00,,28.640000000000001
2011-04-01 00:00:00,,28.739999999999998
2011-04-08 00:00:00,,28.010000000000002
2011-04-15 00:00:00,,26.530000000000001
2011-04-22 00:00:00,,26.289999999999999
2011-04-29 00:00:00,,25.600000000000001
2011-05-06 00:00:00,,24.210000000000001
2011-05-13 00:00:00,,23.52
2011-05-20 00:00:00,,23.989999999999998
2011-05-27 00:00:00,,24.289999999999999
2011-06-03 00:00:00,,23.780000000000001
2011-06-10 00:00:00,,23.719999999999999
2011-06-17 00:00:00,,23.239999999999998
2011-06-24 00:00:00,,22.870000000000001
2011-07-01 00:00:00,,23.75
2011-07-08 00:00:00,,23.440000000000001
2011-07-15 00:00:00,,22.989999999999998
2011-07-22 00:00:00,,22.969999999999999
2011-07-29 00:00:00,,23.5
2011-08-05 00:00:00,,20.18
2011-08-12 00:00:00,,20.300000000000001
2011-08-19 00:00:00,,19.699999999999999
2011-08-26 00:00:00,,19.899999999999999
2011-09-02 00:00:00,,20.370000000000001
2011-09-09 00:00:00,,20.149999999999999
2011-09-16 00:00:00,,20.649999999999999
2011-09-23 00:00:00,,19.16
2011-09-30 00:00:00,,19.100000000000001
2011-10-07 00:00:00,,18.300000000000001
2011-10-14 00:00:00,,19.640000000000001
2011-10-21 00:00:00,,19.27
2011-10-28 00:00:00,,21.579999999999998
2011-11-04 00:00:00,,22.100000000000001
2011-11-11 00:00:00,,21.960000000000001
2011-11-18 00:00:00,,21.75
2011-11-25 00:00:00,,21.010000000000002
2011-12-02 00:00:00,,22.530000000000001
2011-12-09 00:00:00,,23.02
2011-12-16 00:00:00,,21.300000000000001
2011-12-23 00:00:00,,22.219999999999999
2011-12-30 00:00:00,,21.489999999999998
2012-01-06 00:00:00,,22.329999999999998
2012-01-13 00:00:00,,23.050000000000001
2012-01-20 00:00:00,,24.219999999999999
2012-01-27 00:00:00,,24.670000000000002
2012-02-03 00:00:00,,24.609999999999999
2012-02-10 00:00:00,,23.5
2012-02-17 00:00:00,,24.050000000000001
2012-02-24 00:00:00,,24.48
2012-03-02 00:00:00,,25.300000000000001
2012-03-09 00:00:00,,23.710000000000001
2012-03-16 00:00:00,,24.350000000000001
2012-03-23 00:00:00,,23.699999999999999
2012-03-30 00:00:00,,23.350000000000001
2012-04-06 00:00:00,,22.0
2012-04-13 00:00:00,,21.670000000000002
2012-04-20 00:00:00,,21.460000000000001
2012-04-27 00:00:00,,20.93
2012-05-04 00:00:00,,20.48
2012-05-11 00:00:00,,19.530000000000001
2012-05-18 00:00:00,,19.07
2012-05-25 00:00:00,,18.640000000000001
2012-06-01 00:00:00,,18.800000000000001
2012-06-08 00:00:00,,18.879999999999999
2012-06-15 00:00:00,,18.550000000000001
2012-06-22 00:00:00,,19.550000000000001
2012-06-29 00:00:00,,18.25
2012-07-06 00:00:00,,19.199999999999999
2012-07-13 00:00:00,,19.550000000000001
2012-07-20 00:00:00,,19.18
2012-07-27 00:00:00,,20.170000000000002
2012-08-03 00:00:00,,19.940000000000001
2012-08-10 00:00:00,,21.07
2012-08-17 00:00:00,,21.550000000000001
2012-08-24 00:00:00,,21.23
2012-08-31 00:00:00,,20.75
2012-09-07 00:00:00,,21.0
2012-09-14 00:00:00,,23.300000000000001
2012-09-21 00:00:00,,22.699999999999999
2012-09-28 00:00:00,,22.370000000000001
2012-10-05 00:00:00,,22.25
2012-10-12 00:00:00,,22.5
2012-10-19 00:00:00,,22.25
2012-10-26 00:00:00,,22.100000000000001
2012-11-02 00:00:00,,20.850000000000001
2012-11-09 00:00:00,,20.780000000000001
2012-11-16 00:00:00,,19.030000000000001
2012-11-23 00:00:00,,19.170000000000002
2012-11-30 00:00:00,,18.66
2012-12-07 00:00:00,,19.079999999999998
2012-12-14 00:00:00,,20.210000000000001
2012-12-21 00:00:00,,20.690000000000001
2012-12-28 00:00:00,,19.52
2013-01-04 00:00:00,,20.48
2013-01-11 00:00:00,,19.879999999999999
2013-01-18 00:00:00,,19.579999999999998
2013-01-25 00:00:00,,19.609999999999999
2013-02-01 00:00:00,,18.460000000000001
2013-02-08 00:00:00,,17.739999999999998
2013-02-15 00:00:00,,17.629999999999999
2013-02-22 00:00:00,,17.149999999999999
2013-03-01 00:00:00,,16.899999999999999
2013-03-08 00:00:00,,18.370000000000001
2013-03-15 00:00:00,,19.09
2013-03-22 00:00:00,,18.629999999999999
2013-03-29 00:00:00,,18.350000000000001
2013-04-05 00:00:00,,17.800000000000001
2013-04-12 00:00:00,,17.960000000000001
2013-04-19 00:00:00,,18.48
2013-04-26 00:00:00,,19.289999999999999
2013-05-03 00:00:00,,20.0
2013-05-10 00:00:00,,19.949999999999999
2013-05-17 00:00:00,,19.949999999999999
2013-05-24 00:00:00,,20.050000000000001
2013-05-31 00:00:00,,20.050000000000001
2013-06-07 00:00:00,,18.84
2013-06-14 00:00:00,,18.059999999999999
2013-06-21 00:00:00,,16.460000000000001
2013-06-28 00:00:00,,16.379999999999999
