,open,high,low,close,volume
2000-01-07 00:00:00,5.9926666666666684,5.9926666666666684,5.5856060606060618,5.6111111111111125,1987998415.841584
2000-01-14 00:00:00,5.7263939393939403,5.7263939393939403,5.4325757575757585,5.5090909090909097,1346462732.6732669
2000-01-21 00:00:00,5.4458383838383853,5.4703232323232331,5.3050505050505059,5.3050505050505059,1435543128.7128711
2000-01-28 00:00:00,5.2662828282828293,5.3305555555555566,5.2662828282828293,5.292808080808082,1232320633.6633661
2000-02-04 00:00:00,5.2040505050505059,5.7008888888888904,5.2040505050505059,5.7008888888888904,1437958336.6336632
2000-02-11 00:00:00,5.7386363636363651,5.8661616161616168,5.3948282828282839,5.3948282828282839,1367509544.554455
2000-02-18 00:00:00,5.3172929292929298,5.8539191919191929,5.3172929292929298,5.6743636363636369,1974197227.7227719
2000-02-25 00:00:00,5.662121212121213,5.9814444444444455,5.6366161616161623,5.9814444444444455,1609971326.7326729
2000-03-03 00:00:00,5.8661616161616168,6.1599797979797994,5.8661616161616168,6.1599797979797994,1188721425.742574
2000-03-10 00:00:00,6.1599797979797994,6.5282727272727286,6.1599797979797994,6.3374949494949506,547436673.26732659
2000-03-17 00:00:00,6.3374949494949506,6.3374949494949506,5.9294141414141421,5.9804242424242435,1168678336.6336632
2000-03-24 00:00:00,5.8029090909090923,5.9314545454545469,5.8029090909090923,5.9294141414141421,1327141069.3069305
2000-03-31 00:00:00,6.3762626262626272,6.3762626262626272,5.9426767676767689,6.0191919191919201,1207039366.3366334
2000-04-07 00:00:00,5.9681818181818196,6.3130101010101027,5.9365555555555565,6.3130101010101027,1662509940.594059
2000-04-14 00:00:00,6.1722222222222234,6.1722222222222234,6.0191919191919201,6.0191919191919201,1482059405.9405937
2000-04-21 00:00:00,5.3560606060606073,5.5213333333333336,5.1907878787878801,5.203030303030304,2131844435.643564
2000-04-28 00:00:00,5.1010101010101021,5.5601010101010111,5.1010101010101021,5.4846060606060618,1856040237.6237619
2000-05-05 00:00:00,5.4846060606060618,5.6172323232323249,5.4846060606060618,5.5988686868686885,974269782.17821765
2000-05-12 00:00:00,5.6049898989899001,5.6100909090909106,5.4131919191919202,5.4131919191919202,1637071841.5841579
2000-05-19 00:00:00,5.5090909090909097,5.6876262626262637,5.5090909090909097,5.5213333333333336,1242953821.7821779
2000-05-26 00:00:00,5.3621818181818197,5.4325757575757585,5.3438181818181834,5.3570808080808092,1813946613.8613856
2000-06-02 00:00:00,5.4070707070707078,5.9304343434343449,5.3438181818181834,5.9304343434343449,1709339881.1881185
2000-06-09 00:00:00,5.9069696969696981,6.4027878787878798,5.9069696969696981,6.4017676767676779,1055665425.7425741
2000-06-16 00:00:00,6.3640202020202032,6.4150303030303046,6.2864848484848492,6.4150303030303046,1400255999.9999998
2000-06-23 00:00:00,6.4527777777777793,6.490525252525253,6.4379999999999997,6.4400000000000004,1546291421.7821779
2000-06-30 00:00:00,6.5599999999999996,6.8600000000000003,6.5599999999999996,6.8099999999999996,108112000.0
2000-07-07 00:00:00,7.0,7.1500000000000004,6.71,6.71,162563200.0
2000-07-14 00:00:00,6.7300000000000004,6.7300000000000004,6.0499999999999998,6.1900000000000004,187155200.0
2000-07-21 00:00:00,6.1900000000000004,6.5499999999999998,6.1200000000000001,6.4400000000000004,236233600.0
2000-07-28 00:00:00,6.3799999999999999,6.3799999999999999,5.7800000000000002,5.7800000000000002,210569600.0
2000-08-04 00:00:00,5.8499999999999996,5.8499999999999996,5.6900000000000004,5.8099999999999996,379436800.0
2000-08-11 00:00:00,5.9500000000000002,6.2400000000000002,5.6299999999999999,6.2400000000000002,721491200.0
2000-08-18 00:00:00,6.2199999999999998,6.6200000000000001,6.2199999999999998,6.5,259737600.0
2000-08-25 00:00:00,6.3700000000000001,6.6900000000000004,6.3700000000000001,6.6900000000000004,210355200.0
2000-09-01 00:00:00,6.6100000000000003,7.0599999999999996,6.6100000000000003,6.9400000000000004,257430400.0
2000-09-08 00:00:00,6.8899999999999997,7.1100000000000003,6.8499999999999996,7.0599999999999996,106160000.0
2000-09-15 00:00:00,7.2000000000000002,7.2000000000000002,6.7400000000000002,6.8200000000000003,186361600.0
2000-09-22 00:00:00,6.6200000000000001,6.6900000000000004,6.4400000000000004,6.4400000000000004,182886400.0
2000-09-29 00:00:00,6.5,6.6600000000000001,6.5,6.5499999999999998,182473600.0
2000-10-06 00:00:00,6.5300000000000002,6.6200000000000001,6.4699999999999998,6.4699999999999998,109731200.0
2000-10-13 00:00:00,6.4900000000000002,6.7000000000000002,6.4900000000000002,6.7000000000000002,131177600.0
2000-10-20 00:00:00,6.46,6.46,6.1900000000000004,6.25,272819200.0
2000-10-27 00:00:00,5.9900000000000002,6.1699999999999999,5.7199999999999998,6.1699999999999999,187641600.0
2000-11-03 00:00:00,6.3399999999999999,6.4000000000000004,6.2599999999999998,6.2599999999999998,132745600.0
2000-11-10 00:00:00,6.4000000000000004,6.5300000000000002,6.25,6.2699999999999996,180857600.0
2000-11-17 00:00:00,6.3499999999999996,6.5700000000000003,6.3499999999999996,6.5,78201600.0
2000-11-24 00:00:00,6.3799999999999999,6.6100000000000003,6.25,6.3099999999999996,161952000.0
2000-12-01 00:00:00,6.3600000000000003,6.3700000000000001,5.8799999999999999,5.9000000000000004,176800000.0
2000-12-08 00:00:00,5.8799999999999999,6.0899999999999999,5.5,5.6900000000000004,243760000.0
2000-12-15 00:00:00,5.8099999999999996,6.0,5.5700000000000003,5.9100000000000001,189657600.0
2000-12-22 00:00:00,5.9699999999999998,5.9900000000000002,5.5599999999999996,5.6200000000000001,212048000.0
2000-12-29 00:00:00,5.6200000000000001,5.75,5.5800000000000001,5.7199999999999998,45692800.0
2001-01-05 00:00:00,5.7199999999999998,6.3899999999999997,5.7199999999999998,6.25,180508800.0
2001-01-12 00:00:00,6.25,6.4699999999999998,6.1399999999999997,6.3899999999999997,191993600.0
2001-01-19 00:00:00,6.4400000000000004,6.9400000000000004,6.3799999999999999,6.9100000000000001,232787200.0
2001-01-26 00:00:00,6.8799999999999999,7.04,6.71,6.79,141184000.0
2001-02-02 00:00:00,6.9400000000000004,6.9400000000000004,6.6600000000000001,6.7199999999999998,147427200.0
2001-02-09 00:00:00,6.7199999999999998,7.0300000000000002,6.6200000000000001,7.0,128224000.0
2001-02-16 00:00:00,7.0,7.3499999999999996,6.9400000000000004,7.0499999999999998,173321600.0
2001-02-23 00:00:00,7.0499999999999998,7.1100000000000003,6.8799999999999999,6.96,132051200.0
2001-03-02 00:00:00,7.25,7.25,6.7999999999999998,7.0599999999999996,67033600.0
2001-03-09 00:00:00,7.0700000000000003,7.2199999999999998,7.0,7.1399999999999997,115561600.0
2001-03-16 00:00:00,6.8200000000000003,7.1399999999999997,6.1500000000000004,6.3799999999999999,251097600.0
2001-03-23 00:00:00,6.46,6.4699999999999998,5.75,6.0599999999999996,254947200.0
2001-03-30 00:00:00,5.9400000000000004,6.1900000000000004,5.7000000000000002,5.8700000000000001,139241600.0
2001-04-06 00:00:00,5.6200000000000001,6.3499999999999996,5.5700000000000003,6.3499999999999996,155219200.0
2001-04-13 00:00:00,6.3899999999999997,6.54,6.04,6.1900000000000004,114598400.0
2001-04-20 00:00:00,6.0700000000000003,6.4699999999999998,5.9400000000000004,6.04,169913600.0
2001-04-27 00:00:00,6.1200000000000001,6.8200000000000003,5.9400000000000004,6.6900000000000004,201308800.0
2001-05-04 00:00:00,6.6799999999999997,7.04,6.5700000000000003,6.9400000000000004,102902400.0
2001-05-11 00:00:00,6.9000000000000004,7.1900000000000004,6.6200000000000001,7.0599999999999996,112275200.0
2001-05-18 00:00:00,7.1200000000000001,7.29,6.8799999999999999,7.25,106604800.0
2001-05-25 00:00:00,7.2400000000000002,7.5599999999999996,7.1500000000000004,7.2400000000000002,141811200.0
2001-06-01 00:00:00,7.25,7.54,7.0499999999999998,7.5300000000000002,82316800.0
2001-06-08 00:00:00,7.5499999999999998,7.8600000000000003,7.1500000000000004,7.2199999999999998,145632000.0
2001-06-15 00:00:00,7.2000000000000002,7.5199999999999996,7.0300000000000002,7.0899999999999999,125641600.0
2001-06-22 00:00:00,7.0999999999999996,7.4299999999999997,6.9000000000000004,7.1500000000000004,133872000.0
2001-06-29 00:00:00,7.25,7.3099999999999996,6.4900000000000002,6.75,143788800.0
2001-07-06 00:00:00,6.7400000000000002,6.75,6.3799999999999999,6.5300000000000002,122832000.0
2001-07-13 00:00:00,6.5999999999999996,6.8499999999999996,6.5899999999999999,6.7199999999999998,104880000.0
2001-07-20 00:00:00,6.75,6.7999999999999998,6.25,6.6200000000000001,337856000.0
2001-07-27 00:00:00,6.6600000000000001,6.8499999999999996,6.6299999999999999,6.6900000000000004,146009600.0
2001-08-03 00:00:00,6.75,6.8099999999999996,6.4299999999999997,6.6100000000000003,104854400.0
2001-08-10 00:00:00,6.6600000000000001,6.75,6.5599999999999996,6.6699999999999999,123856000.0
2001-08-17 00:00:00,6.6500000000000004,6.8399999999999999,6.5300000000000002,6.5700000000000003,151990400.0
2001-08-24 00:00:00,6.4699999999999998,6.9800000000000004,6.4400000000000004,6.9800000000000004,169459200.0
2001-08-31 00:00:00,6.9699999999999998,7.1200000000000001,6.79,6.8799999999999999,106819200.0
2001-09-07 00:00:00,6.8399999999999999,7.29,6.7599999999999998,6.9800000000000004,96960000.0
2001-09-14 00:00:00,6.9100000000000001,7.3799999999999999,6.0,6.3799999999999999,169228800.0
2001-09-21 00:00:00,6.5,7.1100000000000003,6.25,6.6399999999999997,240700800.0
2001-09-28 00:00:00,6.3799999999999999,6.4699999999999998,6.04,6.4100000000000001,195932800.0
2001-10-05 00:00:00,6.3499999999999996,6.4000000000000004,6.0099999999999998,6.2800000000000002,140988800.0
2001-10-12 00:00:00,6.1900000000000004,6.6900000000000004,6.1799999999999997,6.6900000000000004,87120000.0
2001-10-19 00:00:00,6.9000000000000004,6.9100000000000001,6.4000000000000004,6.5099999999999998,222614400.0
2001-10-26 00:00:00,6.5499999999999998,6.75,6.4500000000000002,6.5899999999999999,161724800.0
2001-11-02 00:00:00,6.5099999999999998,6.6900000000000004,6.29,6.3600000000000003,122950400.0
2001-11-09 00:00:00,6.5099999999999998,6.7999999999999998,6.1600000000000001,6.7599999999999998,279507200.0
2001-11-16 00:00:00,6.6500000000000004,6.7199999999999998,5.71,5.7199999999999998,275584000.0
2001-11-23 00:00:00,5.8200000000000003,6.3600000000000003,5.75,6.25,208608000.0
2001-11-30 00:00:00,6.1799999999999997,6.2599999999999998,6.0,6.1900000000000004,214060800.0
2001-12-07 00:00:00,6.1200000000000001,6.5099999999999998,6.0899999999999999,6.2400000000000002,186745600.0
2001-12-14 00:00:00,6.0800000000000001,6.21,5.8799999999999999,5.9000000000000004,155875200.0
2001-12-21 00:00:00,5.9900000000000002,6.1900000000000004,5.8700000000000001,6.0300000000000002,167232000.0
2001-12-28 00:00:00,6.1100000000000003,6.4400000000000004,6.0300000000000002,6.3899999999999997,73843200.0
2002-01-04 00:00:00,6.4500000000000002,6.5,6.3200000000000003,6.4100000000000001,84464000.0
2002-01-11 00:00:00,6.3799999999999999,6.5999999999999996,6.25,6.2800000000000002,146307200.0
2002-01-18 00:00:00,6.1799999999999997,6.2999999999999998,5.9400000000000004,6.1200000000000001,92947200.0
2002-01-25 00:00:00,6.0700000000000003,6.1399999999999997,5.79,5.8700000000000001,80115200.0
2002-02-01 00:00:00,5.9400000000000004,6.1200000000000001,5.9000000000000004,6.0300000000000002,161900800.0
2002-02-08 00:00:00,5.96,6.1200000000000001,5.9199999999999999,5.9500000000000002,105606400.0
2002-02-15 00:00:00,6.0300000000000002,6.3099999999999996,6.0300000000000002,6.3099999999999996,93568000.0
2002-02-22 00:00:00,6.2000000000000002,6.5300000000000002,6.1600000000000001,6.4900000000000002,183120000.0
2002-03-01 00:00:00,6.5800000000000001,7.25,6.5099999999999998,7.25,181228800.0
2002-03-08 00:00:00,7.1200000000000001,7.3399999999999999,6.9000000000000004,7.0499999999999998,195417600.0
2002-03-15 00:00:00,7.1500000000000004,7.5499999999999998,7.0499999999999998,7.5,208278400.0
2002-03-22 00:00:00,7.5700000000000003,7.5999999999999996,7.25,7.2599999999999998,139664000.0
2002-03-29 00:00:00,6.9699999999999998,7.3499999999999996,6.9400000000000004,7.2199999999999998,96246400.0
2002-04-05 00:00:00,7.3899999999999997,7.4400000000000004,7.0599999999999996,7.1100000000000003,175193600.0
2002-04-12 00:00:00,7.2300000000000004,7.29,6.8399999999999999,6.9000000000000004,143203200.0
2002-04-19 00:00:00,7.0099999999999998,7.1399999999999997,6.9400000000000004,6.9900000000000002,191929600.0
2002-04-26 00:00:00,6.9100000000000001,7.0599999999999996,6.7000000000000002,6.7599999999999998,155494400.0
2002-05-03 00:00:00,6.7800000000000002,6.9100000000000001,6.5700000000000003,6.7999999999999998,133577600.0
2002-05-10 00:00:00,6.6399999999999997,6.8300000000000001,6.4900000000000002,6.5,122752000.0
2002-05-17 00:00:00,6.4000000000000004,6.7699999999999996,6.3899999999999997,6.7599999999999998,137516800.0
2002-05-24 00:00:00,6.8399999999999999,7.0899999999999999,6.75,6.9000000000000004,119356800.0
2002-05-31 00:00:00,6.8899999999999997,7.04,6.8200000000000003,6.8200000000000003,72003200.0
2002-06-07 00:00:00,6.8499999999999996,6.96,6.6200000000000001,6.6900000000000004,100198400.0
2002-06-14 00:00:00,6.71,6.75,6.0700000000000003,6.1799999999999997,138124800.0
2002-06-21 00:00:00,6.21,6.2800000000000002,5.0999999999999996,5.3799999999999999,222889600.0
2002-06-28 00:00:00,5.4000000000000004,6.2300000000000004,5.21,6.1100000000000003,223836800.0
2002-07-05 00:00:00,6.1900000000000004,6.1900000000000004,5.71,5.7999999999999998,99430400.0
2002-07-12 00:00:00,5.7800000000000002,5.8499999999999996,5.5300000000000002,5.6900000000000004,93920000.0
2002-07-19 00:00:00,5.5499999999999998,5.7999999999999998,5.46,5.5999999999999996,115443200.0
2002-07-26 00:00:00,5.3399999999999999,5.3499999999999996,4.8499999999999996,4.9100000000000001,287084800.0
2002-08-02 00:00:00,4.9100000000000001,5.46,4.75,5.3899999999999997,344262400.0
2002-08-09 00:00:00,5.2800000000000002,5.7800000000000002,5.0899999999999999,5.6200000000000001,254828800.0
2002-08-16 00:00:00,5.5599999999999996,5.6200000000000001,4.9299999999999997,5.0800000000000001,175980800.0
2002-08-23 00:00:00,5.0599999999999996,5.2300000000000004,4.9000000000000004,5.1500000000000004,163737600.0
2002-08-30 00:00:00,5.2400000000000002,5.5499999999999998,5.1900000000000004,5.5,174144000.0
2002-09-06 00:00:00,5.5,5.7999999999999998,5.4100000000000001,5.6799999999999997,176432000.0
2002-09-13 00:00:00,5.6600000000000001,6.0499999999999998,5.6299999999999999,6.0,144796800.0
2002-09-20 00:00:00,6.04,6.0499999999999998,5.2400000000000002,5.5,231241600.0
2002-09-27 00:00:00,5.3200000000000003,5.3600000000000003,4.5,4.5899999999999999,300512000.0
2002-10-04 00:00:00,4.9000000000000004,5.1799999999999997,4.2999999999999998,5.1100000000000003,214112000.0
2002-10-11 00:00:00,5.0199999999999996,5.1799999999999997,4.6299999999999999,4.6299999999999999,205196800.0
2002-10-18 00:00:00,4.4900000000000002,4.9299999999999997,4.3399999999999999,4.8600000000000003,212428800.0
2002-10-25 00:00:00,4.9000000000000004,5.5999999999999996,4.7300000000000004,5.4299999999999997,256467200.0
2002-11-01 00:00:00,5.3799999999999999,5.6900000000000004,5.1500000000000004,5.5199999999999996,202384000.0
2002-11-08 00:00:00,5.6200000000000001,5.6900000000000004,5.0700000000000003,5.4100000000000001,152019200.0
2002-11-15 00:00:00,5.5,5.5300000000000002,5.2000000000000002,5.4299999999999997,64310400.0
2002-11-22 00:00:00,5.5599999999999996,5.7400000000000002,5.4100000000000001,5.6500000000000004,174601600.0
2002-11-29 00:00:00,5.6600000000000001,5.7800000000000002,5.3399999999999999,5.5099999999999998,113705600.0
2002-12-06 00:00:00,5.6200000000000001,5.6500000000000004,5.5,5.5599999999999996,104294400.0
2002-12-13 00:00:00,5.46,5.6900000000000004,5.4000000000000004,5.6200000000000001,121110400.0
2002-12-20 00:00:00,5.6900000000000004,6.2199999999999998,5.5599999999999996,6.0899999999999999,315360000.0
2002-12-27 00:00:00,6.1799999999999997,6.2599999999999998,5.8300000000000001,5.8300000000000001,52486400.0
2003-01-03 00:00:00,5.8399999999999999,5.9900000000000002,5.7999999999999998,5.8600000000000003,29942400.0
2003-01-10 00:00:00,5.9699999999999998,6.5700000000000003,5.9100000000000001,6.5599999999999996,213776000.0
2003-01-17 00:00:00,6.6200000000000001,6.6399999999999997,6.3200000000000003,6.3200000000000003,197248000.0
2003-01-24 00:00:00,6.3399999999999999,6.3399999999999999,5.6399999999999997,5.6399999999999997,203667200.0
2003-01-31 00:00:00,5.6299999999999999,6.0199999999999996,5.5099999999999998,5.9400000000000004,232736000.0
2003-02-07 00:00:00,5.9500000000000002,6.04,5.5300000000000002,5.6200000000000001,156054400.0
2003-02-14 00:00:00,5.7400000000000002,5.9900000000000002,5.5999999999999996,5.7300000000000004,157062400.0
2003-02-21 00:00:00,5.7800000000000002,5.8399999999999999,5.54,5.6399999999999997,181632000.0
2003-02-28 00:00:00,5.6699999999999999,5.6699999999999999,5.1100000000000003,5.3399999999999999,156227200.0
2003-03-07 00:00:00,5.2400000000000002,5.54,5.2000000000000002,5.5099999999999998,86787200.0
2003-03-14 00:00:00,5.4299999999999997,5.8600000000000003,5.3600000000000003,5.7599999999999998,210025600.0
2003-03-21 00:00:00,5.6200000000000001,6.21,5.5999999999999996,6.0300000000000002,241193600.0
2003-03-28 00:00:00,5.9100000000000001,6.0300000000000002,5.7400000000000002,5.8099999999999996,133612800.0
2003-04-04 00:00:00,5.75,6.1900000000000004,5.7300000000000004,6.1299999999999999,183852800.0
2003-04-11 00:00:00,6.25,6.3099999999999996,5.6900000000000004,5.79,200521600.0
2003-04-18 00:00:00,5.8099999999999996,5.9699999999999998,5.7300000000000004,5.9400000000000004,115107200.0
2003-04-25 00:00:00,5.8799999999999999,6.1200000000000001,5.8700000000000001,5.9299999999999997,135299200.0
2003-05-02 00:00:00,5.9400000000000004,6.3499999999999996,5.8799999999999999,6.3399999999999999,135315200.0
2003-05-09 00:00:00,6.3300000000000001,6.5899999999999999,6.2800000000000002,6.5300000000000002,224323200.0
2003-05-16 00:00:00,6.5599999999999996,7.0300000000000002,6.5300000000000002,6.79,236342400.0
2003-05-23 00:00:00,6.6900000000000004,6.7599999999999998,6.46,6.6600000000000001,184028800.0
2003-05-30 00:00:00,6.6900000000000004,6.7599999999999998,6.5,6.5999999999999996,165852800.0
2003-06-06 00:00:00,6.5800000000000001,6.8799999999999999,6.5,6.79,164736000.0
2003-06-13 00:00:00,6.75,6.8600000000000003,6.5300000000000002,6.7599999999999998,170883200.0
2003-06-20 00:00:00,6.75,6.8499999999999996,6.3600000000000003,6.3899999999999997,152956800.0
2003-06-27 00:00:00,6.4400000000000004,6.4900000000000002,6.2000000000000002,6.3399999999999999,174979200.0
2003-07-04 00:00:00,6.2999999999999998,6.6200000000000001,6.29,6.6200000000000001,123718400.0
2003-07-11 00:00:00,6.6299999999999999,6.9000000000000004,6.6299999999999999,6.7800000000000002,170918400.0
2003-07-18 00:00:00,6.8200000000000003,7.1799999999999997,6.8200000000000003,7.1200000000000001,181644800.0
2003-07-25 00:00:00,7.1399999999999997,7.2599999999999998,6.9699999999999998,6.9900000000000002,147593600.0
2003-08-01 00:00:00,7.0,7.1799999999999997,6.7199999999999998,6.7300000000000004,150278400.0
2003-08-08 00:00:00,6.7199999999999998,67.5,6.6600000000000001,7.2199999999999998,892614400.0
2003-08-15 00:00:00,7.1500000000000004,7.4699999999999998,7.1500000000000004,7.29,180412800.0
2003-08-22 00:00:00,7.2999999999999998,7.4199999999999999,7.1100000000000003,7.2400000000000002,253424000.0
2003-08-29 00:00:00,7.25,7.6100000000000003,7.0899999999999999,7.5999999999999996,163132800.0
2003-09-05 00:00:00,7.5499999999999998,8.1199999999999992,7.4699999999999998,8.0999999999999996,220809600.0
2003-09-12 00:00:00,8.1199999999999992,8.25,7.75,8.0399999999999991,213532800.0
2003-09-19 00:00:00,8.0399999999999991,8.0899999999999999,7.7999999999999998,7.8499999999999996,213744000.0
2003-09-26 00:00:00,7.8099999999999996,7.8099999999999996,7.5099999999999998,7.54,205683200.0
2003-10-03 00:00:00,7.6200000000000001,8.3000000000000007,7.46,8.2300000000000004,215280000.0
2003-10-10 00:00:00,8.1899999999999995,8.4499999999999993,8.1600000000000001,8.3100000000000005,189638400.0
2003-10-17 00:00:00,8.3000000000000007,8.5500000000000007,8.0199999999999996,8.0700000000000003,164211200.0
2003-10-24 00:00:00,8.0700000000000003,8.1899999999999995,7.75,7.9400000000000004,199056000.0
2003-10-31 00:00:00,8.0500000000000007,8.25,7.8799999999999999,7.8799999999999999,183529600.0
2003-11-07 00:00:00,7.9299999999999997,8.3100000000000005,7.8799999999999999,8.1600000000000001,148720000.0
2003-11-14 00:00:00,8.1899999999999995,8.6199999999999992,8.0,8.5899999999999999,216825600.0
2003-11-21 00:00:00,8.5199999999999996,8.6799999999999997,8.4100000000000001,8.5800000000000001,160323200.0
2003-11-28 00:00:00,8.6699999999999999,8.7100000000000009,8.2300000000000004,8.3599999999999994,157459200.0
2003-12-05 00:00:00,8.3800000000000008,8.6099999999999994,8.3399999999999999,8.5700000000000003,158867200.0
2003-12-12 00:00:00,8.5700000000000003,9.2400000000000002,8.5,9.0299999999999994,218416000.0
2003-12-19 00:00:00,9.1199999999999992,9.5600000000000005,8.8900000000000006,9.4600000000000009,174700800.0
2003-12-26 00:00:00,9.4600000000000009,9.8599999999999994,9.3100000000000005,9.3599999999999994,70563200.0
2004-01-02 00:00:00,9.4000000000000004,9.9000000000000004,9.4000000000000004,9.9000000000000004,76736000.0
2004-01-09 00:00:00,9.9900000000000002,11.56,9.9800000000000004,10.73,291216000.0
2004-01-16 00:00:00,10.75,11.01,10.109999999999999,10.5,252956800.0
2004-01-23 00:00:00,10.5,11.06,10.43,10.640000000000001,229580800.0
2004-01-30 00:00:00,10.73,10.93,9.75,9.7899999999999991,190214400.0
2004-02-06 00:00:00,9.6899999999999995,10.25,9.5099999999999998,10.199999999999999,273104000.0
2004-02-13 00:00:00,10.27,11.06,10.140000000000001,10.720000000000001,224864000.0
2004-02-20 00:00:00,10.65,10.789999999999999,9.5999999999999996,10.109999999999999,242592000.0
2004-02-27 00:00:00,10.15,10.42,10.140000000000001,10.25,71811200.0
2004-03-05 00:00:00,10.33,10.81,10.33,10.710000000000001,161244800.0
2004-03-12 00:00:00,10.779999999999999,10.98,10.06,10.43,165590400.0
2004-03-19 00:00:00,10.44,10.85,10.0,10.470000000000001,173625600.0
2004-03-26 00:00:00,10.27,10.48,10.109999999999999,10.34,155993600.0
2004-04-02 00:00:00,10.4,10.859999999999999,10.119999999999999,10.81,191625600.0
2004-04-09 00:00:00,10.74,10.91,10.449999999999999,10.869999999999999,121052800.0
2004-04-16 00:00:00,10.880000000000001,11.19,10.52,10.58,166860800.0
2004-04-23 00:00:00,10.6,10.69,10.01,10.109999999999999,169747200.0
2004-04-30 00:00:00,10.25,10.359999999999999,9.1300000000000008,9.3399999999999999,240060800.0
2004-05-07 00:00:00,9.2899999999999991,9.9900000000000002,8.7799999999999994,8.9499999999999993,247331200.0
2004-05-14 00:00:00,8.6400000000000006,9.6199999999999992,8.5,9.1500000000000004,247577600.0
2004-05-21 00:00:00,8.75,9.1099999999999994,8.3800000000000008,8.4000000000000004,245369600.0
2004-05-28 00:00:00,8.6400000000000006,9.1500000000000004,8.5,8.8800000000000008,211856000.0
2004-06-04 00:00:00,8.9399999999999995,9.4000000000000004,8.8399999999999999,9.0999999999999996,148771200.0
2004-06-11 00:00:00,9.1400000000000006,9.3699999999999992,8.9800000000000004,9.0500000000000007,127526400.0
2004-06-18 00:00:00,8.9900000000000002,9.4700000000000006,8.8100000000000005,9.3599999999999994,243785600.0
2004-06-25 00:00:00,9.3499999999999996,9.8000000000000007,9.1600000000000001,9.5099999999999998,240534400.0
2004-07-02 00:00:00,9.5899999999999999,9.6899999999999995,9.25,9.5999999999999996,156816000.0
2004-07-09 00:00:00,9.6199999999999992,9.6500000000000004,9.2100000000000009,9.2599999999999998,110640000.0
2004-07-16 00:00:00,9.2599999999999998,9.8200000000000003,9.2300000000000004,9.8000000000000007,199705600.0
2004-07-23 00:00:00,9.8000000000000007,9.8699999999999992,9.3000000000000007,9.3499999999999996,184345600.0
2004-07-30 00:00:00,9.4000000000000004,9.9000000000000004,9.1999999999999993,9.7599999999999998,193657600.0
2004-08-06 00:00:00,9.6999999999999993,9.9399999999999995,9.5600000000000005,9.7699999999999996,182886400.0
2004-08-13 00:00:00,9.7599999999999998,10.109999999999999,9.6999999999999993,9.9399999999999995,209036800.0
2004-08-20 00:00:00,9.9199999999999999,10.609999999999999,9.8900000000000006,10.58,226323200.0
2004-08-27 00:00:00,10.539999999999999,10.66,10.289999999999999,10.34,147212800.0
2004-09-03 00:00:00,10.31,10.449999999999999,10.19,10.4,111673600.0
2004-09-10 00:00:00,10.44,10.619999999999999,10.34,10.5,87584000.0
2004-09-17 00:00:00,10.5,10.91,10.449999999999999,10.91,145593600.0
2004-09-24 00:00:00,11.02,11.58,10.94,11.52,185478400.0
2004-10-01 00:00:00,11.56,11.81,11.41,11.75,193548800.0
2004-10-08 00:00:00,11.789999999999999,12.25,11.75,12.1,196905600.0
2004-10-15 00:00:00,12.06,12.210000000000001,11.02,11.630000000000001,186060800.0
2004-10-22 00:00:00,11.69,12.0,11.4,11.85,217052800.0
2004-10-29 00:00:00,11.81,11.91,11.56,11.68,148134400.0
2004-11-05 00:00:00,11.69,12.02,11.630000000000001,11.98,104934400.0
2004-11-12 00:00:00,12.0,12.06,11.6,11.98,116048000.0
2004-11-19 00:00:00,11.880000000000001,11.880000000000001,11.24,11.31,181219200.0
2004-11-26 00:00:00,11.300000000000001,11.800000000000001,11.19,11.73,169084800.0
2004-12-03 00:00:00,11.73,12.01,11.470000000000001,11.66,165872000.0
2004-12-10 00:00:00,11.69,11.859999999999999,11.300000000000001,11.49,129385600.0
2004-12-17 00:00:00,11.51,12.02,11.48,11.84,211916800.0
2004-12-24 00:00:00,11.85,12.16,11.779999999999999,12.08,178352000.0
2004-12-31 00:00:00,12.0,12.24,11.890000000000001,12.140000000000001,119526400.0
2005-01-07 00:00:00,12.19,12.24,11.48,11.68,152790400.0
2005-01-14 00:00:00,11.75,11.81,11.359999999999999,11.76,195532800.0
2005-01-21 00:00:00,11.75,11.84,11.289999999999999,11.390000000000001,162844800.0
2005-01-28 00:00:00,11.539999999999999,11.859999999999999,11.380000000000001,11.6,116230400.0
2005-02-04 00:00:00,11.68,12.24,11.550000000000001,12.16,203619200.0
2005-02-11 00:00:00,12.789999999999999,12.98,12.44,12.85,151209600.0
2005-02-18 00:00:00,12.76,13.050000000000001,12.51,12.84,249616000.0
2005-02-25 00:00:00,12.869999999999999,14.199999999999999,12.85,14.130000000000001,235424000.0
2005-03-04 00:00:00,14.0,14.49,13.210000000000001,14.41,249846400.0
2005-03-11 00:00:00,14.44,14.609999999999999,13.4,13.449999999999999,159804800.0
2005-03-18 00:00:00,13.35,13.539999999999999,12.75,13.23,205104000.0
2005-03-25 00:00:00,13.26,13.31,12.619999999999999,12.82,171206400.0
2005-04-01 00:00:00,12.77,13.1,12.32,12.99,159779200.0
2005-04-08 00:00:00,13.0,13.220000000000001,12.449999999999999,12.5,149068800.0
2005-04-15 00:00:00,12.5,12.66,11.69,11.73,178633600.0
2005-04-22 00:00:00,11.880000000000001,12.109999999999999,11.52,11.640000000000001,112515200.0
2005-04-29 00:00:00,11.65,12.18,11.41,11.81,141849600.0
2005-05-06 00:00:00,11.81,12.48,11.48,12.34,129849600.0
2005-05-13 00:00:00,12.380000000000001,12.4,11.5,11.56,150652800.0
2005-05-20 00:00:00,11.66,12.359999999999999,11.539999999999999,12.27,136060800.0
2005-05-27 00:00:00,12.27,12.619999999999999,11.9,12.6,74185600.0
2005-06-03 00:00:00,12.51,13.09,12.51,13.0,150080000.0
2005-06-10 00:00:00,12.779999999999999,12.91,12.359999999999999,12.710000000000001,174691200.0
2005-06-17 00:00:00,12.75,13.460000000000001,12.619999999999999,13.460000000000001,194892800.0
2005-06-24 00:00:00,13.49,13.81,13.220000000000001,13.31,235465600.0
2005-07-01 00:00:00,13.17,13.869999999999999,13.17,13.52,146076800.0
2005-07-08 00:00:00,13.41,13.84,13.279999999999999,13.56,181139200.0
2005-07-15 00:00:00,13.52,13.859999999999999,13.1,13.1,188208000.0
2005-07-22 00:00:00,13.06,13.51,12.9,13.49,160092800.0
2005-07-29 00:00:00,13.25,13.9,13.02,13.619999999999999,196076800.0
2005-08-05 00:00:00,13.609999999999999,14.5,13.539999999999999,14.27,164707200.0
2005-08-12 00:00:00,14.289999999999999,15.300000000000001,14.289999999999999,15.300000000000001,202761600.0
2005-08-19 00:00:00,15.26,15.5,14.5,14.98,255667200.0
2005-08-26 00:00:00,15.1,15.65,14.9,15.23,160422400.0
2005-09-02 00:00:00,15.51,16.25,15.4,16.25,204993600.0
2005-09-09 00:00:00,15.869999999999999,16.989999999999998,15.869999999999999,16.920000000000002,94400400.0
2005-09-16 00:00:00,17.199999999999999,17.440000000000001,16.829999999999998,17.390000000000001,38138400.0
2005-09-23 00:00:00,17.309999999999999,18.75,17.199999999999999,17.890000000000001,55184800.0
2005-09-30 00:00:00,17.84,18.370000000000001,17.25,17.829999999999998,44353000.0
2005-10-07 00:00:00,17.850000000000001,18.059999999999999,15.380000000000001,15.85,72254400.0
2005-10-14 00:00:00,16.079999999999998,16.289999999999999,15.199999999999999,15.59,49589200.0
2005-10-21 00:00:00,15.800000000000001,16.25,14.619999999999999,15.289999999999999,64331400.0
2005-10-28 00:00:00,15.23,16.350000000000001,15.23,15.57,37128000.0
2005-11-04 00:00:00,15.76,16.940000000000001,15.57,16.300000000000001,43861400.0
2005-11-11 00:00:00,16.5,16.649999999999999,15.26,15.43,59597400.0
2005-11-18 00:00:00,15.26,16.460000000000001,14.99,16.350000000000001,30626800.0
2005-11-25 00:00:00,16.48,17.309999999999999,16.25,17.140000000000001,42323600.0
2005-12-02 00:00:00,17.199999999999999,17.940000000000001,16.350000000000001,17.789999999999999,48166800.0
2005-12-09 00:00:00,17.75,18.199999999999999,17.48,18.050000000000001,42302600.0
2005-12-16 00:00:00,18.149999999999999,18.48,17.850000000000001,18.149999999999999,38264600.0
2005-12-23 00:00:00,18.149999999999999,18.600000000000001,17.969999999999999,18.329999999999998,32811000.0
2005-12-30 00:00:00,18.27,18.739999999999998,18.059999999999999,18.600000000000001,20475800.0
2006-01-06 00:00:00,19.050000000000001,20.440000000000001,18.359999999999999,20.420000000000002,45525800.0
2006-01-13 00:00:00,20.34,21.800000000000001,20.18,21.300000000000001,61612000.0
2006-01-20 00:00:00,21.309999999999999,22.140000000000001,20.859999999999999,22.120000000000001,50062600.0
2006-01-27 00:00:00,22.0,23.199999999999999,21.899999999999999,22.5,44977600.0
2006-02-03 00:00:00,22.52,23.649999999999999,21.75,22.09,64732000.0
2006-02-10 00:00:00,22.579999999999998,22.73,20.5,20.68,71136000.0
2006-02-17 00:00:00,20.649999999999999,22.420000000000002,20.059999999999999,22.0,88370800.0
2006-02-24 00:00:00,22.329999999999998,22.84,21.41,22.359999999999999,59854800.0
2006-03-03 00:00:00,21.93,22.800000000000001,21.719999999999999,22.75,29455400.0
2006-03-10 00:00:00,22.800000000000001,22.809999999999999,20.309999999999999,20.600000000000001,77224800.0
2006-03-17 00:00:00,20.73,22.25,20.449999999999999,21.399999999999999,61017800.0
2006-03-24 00:00:00,21.75,21.920000000000002,20.879999999999999,21.23,65278400.0
2006-03-31 00:00:00,20.969999999999999,21.739999999999998,20.859999999999999,21.57,55687200.0
2006-04-07 00:00:00,22.120000000000001,22.25,21.48,21.920000000000002,51450600.0
2006-04-14 00:00:00,21.949999999999999,22.190000000000001,21.449999999999999,21.670000000000002,40923600.0
2006-04-21 00:00:00,21.690000000000001,23.550000000000001,21.690000000000001,23.16,60205000.0
2006-04-28 00:00:00,23.5,23.550000000000001,22.5,23.109999999999999,49155600.0
2006-05-05 00:00:00,22.800000000000001,23.800000000000001,22.800000000000001,23.739999999999998,58521600.0
2006-05-12 00:00:00,23.550000000000001,24.190000000000001,23.25,23.449999999999999,62822200.0
2006-05-19 00:00:00,22.600000000000001,23.5,21.109999999999999,21.640000000000001,88716000.0
2006-05-26 00:00:00,21.079999999999998,22.550000000000001,20.600000000000001,22.5,82979200.0
2006-06-02 00:00:00,22.5,22.75,21.66,22.34,65828000.0
2006-06-09 00:00:00,22.440000000000001,22.449999999999999,19.329999999999998,19.690000000000001,75214400.0
2006-06-16 00:00:00,19.91,20.359999999999999,18.16,20.149999999999999,77102600.0
2006-06-23 00:00:00,20.25,20.77,19.370000000000001,20.52,56602600.0
2006-06-30 00:00:00,20.579999999999998,21.920000000000002,20.309999999999999,21.59,51909800.0
2006-07-07 00:00:00,21.5,21.949999999999999,21.059999999999999,21.399999999999999,56688000.0
2006-07-14 00:00:00,21.359999999999999,22.170000000000002,21.100000000000001,22.120000000000001,56578400.0
2006-07-21 00:00:00,21.969999999999999,22.149999999999999,20.649999999999999,21.0,58525800.0
2006-07-28 00:00:00,21.27,22.640000000000001,21.0,22.550000000000001,39540800.0
2006-08-04 00:00:00,22.43,23.289999999999999,22.199999999999999,22.84,50936200.0
2006-08-11 00:00:00,22.920000000000002,23.32,22.600000000000001,22.699999999999999,43566600.0
2006-08-18 00:00:00,22.690000000000001,22.850000000000001,22.010000000000002,22.440000000000001,57215200.0
2006-08-25 00:00:00,22.390000000000001,22.52,21.170000000000002,21.949999999999999,53670200.0
2006-09-01 00:00:00,21.719999999999999,22.050000000000001,21.18,21.940000000000001,48834800.0
2006-09-08 00:00:00,22.0,22.199999999999999,20.52,20.600000000000001,41924200.0
2006-09-15 00:00:00,19.890000000000001,20.59,19.350000000000001,19.620000000000001,97329000.0
2006-09-22 00:00:00,19.829999999999998,20.420000000000002,19.050000000000001,19.07,86854200.0
2006-09-29 00:00:00,19.050000000000001,20.489999999999998,18.579999999999998,20.300000000000001,83115800.0
2006-10-06 00:00:00,20.5,20.670000000000002,19.16,20.100000000000001,90344000.0
2006-10-13 00:00:00,20.0,20.91,19.940000000000001,20.829999999999998,39811000.0
2006-10-20 00:00:00,20.82,21.059999999999999,20.280000000000001,20.550000000000001,70946600.0
2006-10-27 00:00:00,20.370000000000001,21.899999999999999,20.149999999999999,21.530000000000001,74453000.0
2006-11-03 00:00:00,21.43,21.600000000000001,21.050000000000001,21.600000000000001,47173400.0
2006-11-10 00:00:00,21.670000000000002,22.75,21.600000000000001,22.670000000000002,73512200.0
2006-11-17 00:00:00,22.09,22.539999999999999,21.420000000000002,21.75,69843000.0
2006-11-24 00:00:00,21.800000000000001,22.449999999999999,21.690000000000001,22.149999999999999,51664600.0
2006-12-01 00:00:00,22.059999999999999,23.079999999999998,21.75,22.649999999999999,72359800.0
2006-12-08 00:00:00,22.52,23.690000000000001,22.5,23.579999999999998,71941800.0
2006-12-15 00:00:00,23.649999999999999,23.850000000000001,23.18,23.620000000000001,70946200.0
2006-12-22 00:00:00,23.829999999999998,24.34,23.379999999999999,24.079999999999998,67187600.0
2006-12-29 00:00:00,24.16,24.98,24.109999999999999,24.899999999999999,26646800.0
2007-01-05 00:00:00,25.0,25.23,22.550000000000001,23.09,75752600.0
2007-01-12 00:00:00,23.25,23.57,22.149999999999999,22.579999999999998,111024200.0
2007-01-19 00:00:00,22.800000000000001,22.920000000000002,21.600000000000001,22.59,97410400.0
2007-01-26 00:00:00,22.75,23.600000000000001,22.420000000000002,23.25,61489600.0
2007-02-02 00:00:00,23.079999999999998,23.73,22.559999999999999,23.649999999999999,74193000.0
2007-02-09 00:00:00,23.59,23.800000000000001,22.18,22.399999999999999,101887000.0
2007-02-16 00:00:00,22.5,22.870000000000001,21.91,22.170000000000002,104932600.0
2007-02-23 00:00:00,22.0,22.940000000000001,21.800000000000001,22.719999999999999,50131800.0
2007-03-02 00:00:00,22.949999999999999,23.0,20.449999999999999,20.530000000000001,119867800.0
2007-03-09 00:00:00,20.030000000000001,21.5,19.850000000000001,21.25,91383400.0
2007-03-16 00:00:00,21.02,21.199999999999999,20.109999999999999,20.109999999999999,86762600.0
2007-03-23 00:00:00,20.489999999999998,22.25,20.280000000000001,22.039999999999999,83470000.0
2007-03-30 00:00:00,22.170000000000002,23.399999999999999,21.98,23.07,114095200.0
2007-04-06 00:00:00,23.0,23.239999999999998,22.489999999999998,23.100000000000001,67833600.0
2007-04-13 00:00:00,23.25,24.0,22.899999999999999,23.850000000000001,98886200.0
2007-04-20 00:00:00,24.0,24.5,23.149999999999999,23.5,100806000.0
2007-04-27 00:00:00,23.550000000000001,23.969999999999999,22.789999999999999,23.050000000000001,75855800.0
2007-05-04 00:00:00,22.600000000000001,23.420000000000002,22.600000000000001,23.010000000000002,65276200.0
2007-05-11 00:00:00,22.949999999999999,22.949999999999999,22.079999999999998,22.609999999999999,98968800.0
2007-05-18 00:00:00,22.27,23.300000000000001,22.27,23.25,99581000.0
2007-05-25 00:00:00,23.550000000000001,23.899999999999999,22.899999999999999,23.350000000000001,100379400.0
2007-06-01 00:00:00,23.350000000000001,23.579999999999998,22.550000000000001,23.550000000000001,71326800.0
2007-06-08 00:00:00,23.329999999999998,24.149999999999999,23.120000000000001,23.699999999999999,71982200.0
2007-06-15 00:00:00,23.850000000000001,25.5,23.649999999999999,25.379999999999999,139228200.0
2007-06-22 00:00:00,25.5,26.050000000000001,25.329999999999998,25.66,90977400.0
2007-06-29 00:00:00,25.640000000000001,26.02,25.149999999999999,25.82,72066200.0
2007-07-06 00:00:00,25.899999999999999,27.370000000000001,25.809999999999999,27.370000000000001,64166000.0
2007-07-13 00:00:00,27.379999999999999,28.25,26.800000000000001,27.920000000000002,68204800.0
2007-07-20 00:00:00,27.73,28.57,27.399999999999999,28.289999999999999,64580800.0
2007-07-27 00:00:00,28.379999999999999,28.75,25.530000000000001,25.530000000000001,100317600.0
2007-08-03 00:00:00,25.809999999999999,27.379999999999999,25.100000000000001,25.25,84598000.0
2007-08-10 00:00:00,25.48,26.43,24.399999999999999,24.690000000000001,102190200.0
2007-08-17 00:00:00,25.25,25.600000000000001,21.809999999999999,23.199999999999999,151174800.0
2007-08-24 00:00:00,23.170000000000002,24.969999999999999,22.719999999999999,24.879999999999999,106405600.0
2007-08-31 00:00:00,24.75,26.27,24.120000000000001,26.100000000000001,83163800.0
2007-09-07 00:00:00,26.100000000000001,27.48,26.059999999999999,27.039999999999999,60805600.0
2007-09-14 00:00:00,26.579999999999998,27.829999999999998,26.079999999999998,27.149999999999999,92902200.0
2007-09-21 00:00:00,27.0,29.25,26.68,29.25,99369400.0
2007-09-28 00:00:00,29.469999999999999,30.25,29.23,29.600000000000001,97858800.0
2007-10-05 00:00:00,29.539999999999999,31.0,28.649999999999999,30.829999999999998,104815000.0
2007-10-12 00:00:00,30.489999999999998,33.450000000000003,30.350000000000001,32.369999999999997,94305000.0
2007-10-19 00:00:00,33.030000000000001,34.049999999999997,31.5,31.5,126169600.0
2007-10-26 00:00:00,30.550000000000001,35.619999999999997,30.300000000000001,35.549999999999997,112571400.0
2007-11-02 00:00:00,35.759999999999998,37.0,34.829999999999998,35.719999999999999,107053000.0
2007-11-09 00:00:00,35.0,45.439999999999998,33.950000000000003,40.829999999999998,229557600.0
2007-11-16 00:00:00,38.880000000000003,40.600000000000001,36.619999999999997,39.399999999999999,137480800.0
2007-11-23 00:00:00,39.289999999999999,39.75,37.619999999999997,38.25,78150000.0
2007-11-30 00:00:00,38.5,38.920000000000002,35.950000000000003,35.950000000000003,118910800.0
2007-12-07 00:00:00,36.380000000000003,42.259999999999998,35.75,40.030000000000001,105157600.0
2007-12-14 00:00:00,39.549999999999997,42.939999999999998,39.049999999999997,40.600000000000001,124110000.0
2007-12-21 00:00:00,39.969999999999999,43.240000000000002,38.359999999999999,42.509999999999998,120175000.0
2007-12-28 00:00:00,43.299999999999997,44.200000000000003,42.649999999999999,44.200000000000003,59066800.0
2008-01-04 00:00:00,43.490000000000002,43.869999999999997,40.450000000000003,40.700000000000003,56232000.0
2008-01-11 00:00:00,40.729999999999997,42.740000000000002,39.310000000000002,40.780000000000001,105609400.0
2008-01-18 00:00:00,41.060000000000002,41.200000000000003,34.579999999999998,35.899999999999999,132505400.0
2008-01-25 00:00:00,33.5,38.469999999999999,33.100000000000001,38.369999999999997,120910200.0
2008-02-01 00:00:00,37.939999999999998,41.310000000000002,37.509999999999998,40.850000000000001,123429800.0
2008-02-08 00:00:00,39.469999999999999,41.350000000000001,39.170000000000002,40.899999999999999,63070200.0
2008-02-15 00:00:00,41.289999999999999,42.810000000000002,40.990000000000002,41.399999999999999,102464800.0
2008-02-22 00:00:00,42.100000000000001,43.200000000000003,41.229999999999997,42.149999999999999,97749000.0
2008-02-29 00:00:00,42.0,43.219999999999999,40.719999999999999,40.719999999999999,103540400.0
2008-03-07 00:00:00,41.0,41.350000000000001,38.649999999999999,39.079999999999998,119484200.0
2008-03-14 00:00:00,39.079999999999998,40.25,38.0,38.369999999999997,97696400.0
2008-03-21 00:00:00,37.509999999999998,37.810000000000002,33.75,34.700000000000003,80582200.0
2008-03-28 00:00:00,35.460000000000001,37.920000000000002,34.670000000000002,36.310000000000002,93752400.0
2008-04-04 00:00:00,36.799999999999997,40.140000000000001,36.100000000000001,39.5,107189600.0
2008-04-11 00:00:00,39.789999999999999,40.469999999999999,38.670000000000002,39.280000000000001,85301400.0
2008-04-18 00:00:00,41.07,42.969999999999999,38.509999999999998,42.649999999999999,188918000.0
2008-04-25 00:00:00,43.25,43.719999999999999,41.299999999999997,42.149999999999999,105331200.0
2008-05-02 00:00:00,42.829999999999998,44.200000000000003,40.5,43.0,106982100.0
2008-05-09 00:00:00,43.200000000000003,45.670000000000002,42.810000000000002,45.670000000000002,105533400.0
2008-05-16 00:00:00,45.799999999999997,48.200000000000003,45.020000000000003,48.149999999999999,117903100.0
2008-05-23 00:00:00,48.859999999999999,53.68,48.159999999999997,50.560000000000002,119417400.0
2008-05-30 00:00:00,51.009999999999998,51.850000000000001,48.899999999999999,49.0,111184900.0
2008-06-06 00:00:00,49.289999999999999,50.270000000000003,44.869999999999997,47.590000000000003,139819800.0
2008-06-13 00:00:00,47.369999999999997,48.100000000000001,44.799999999999997,45.899999999999999,106346000.0
2008-06-20 00:00:00,46.039999999999999,46.600000000000001,43.0,43.130000000000003,113926900.0
2008-06-27 00:00:00,43.299999999999997,45.5,43.140000000000001,45.299999999999997,87916600.0
2008-07-04 00:00:00,46.359999999999999,46.840000000000003,42.0,43.200000000000003,82356500.0
2008-07-11 00:00:00,42.380000000000003,43.969999999999999,39.020000000000003,40.600000000000001,93713200.0
2008-07-18 00:00:00,41.100000000000001,41.189999999999998,37.399999999999999,38.200000000000003,104243400.0
2008-07-25 00:00:00,38.840000000000003,38.979999999999997,33.590000000000003,34.5,112968400.0
2008-08-01 00:00:00,35.170000000000002,36.880000000000003,34.240000000000002,34.509999999999998,94915400.0
2008-08-08 00:00:00,34.5,34.880000000000003,31.800000000000001,33.549999999999997,101177500.0
2008-08-15 00:00:00,33.5,34.409999999999997,32.030000000000001,32.670000000000002,95303000.0
2008-08-22 00:00:00,32.939999999999998,35.920000000000002,30.809999999999999,35.289999999999999,94757600.0
2008-08-29 00:00:00,34.799999999999997,36.009999999999998,33.469999999999999,34.899999999999999,72613200.0
2008-09-05 00:00:00,34.789999999999999,34.789999999999999,30.25,31.859999999999999,89068800.0
2008-09-12 00:00:00,33.0,33.200000000000003,26.859999999999999,33.0,169958600.0
2008-09-19 00:00:00,31.050000000000001,35.490000000000002,27.91,34.979999999999997,181665200.0
2008-09-26 00:00:00,35.380000000000003,36.380000000000003,32.560000000000002,35.43,118499000.0
2008-10-03 00:00:00,34.0,35.280000000000001,30.0,31.0,128651000.0
2008-10-10 00:00:00,28.390000000000001,30.949999999999999,22.899999999999999,24.0,214700500.0
2008-10-17 00:00:00,26.300000000000001,29.0,21.109999999999999,22.989999999999998,231227600.0
2008-10-24 00:00:00,23.59,25.809999999999999,20.010000000000002,20.399999999999999,176760100.0
2008-10-31 00:00:00,20.07,23.890000000000001,17.800000000000001,23.309999999999999,203966200.0
2008-11-07 00:00:00,23.699999999999999,25.68,22.219999999999999,23.260000000000002,148300800.0
2008-11-14 00:00:00,24.600000000000001,24.989999999999998,19.870000000000001,20.760000000000002,177438900.0
2008-11-21 00:00:00,20.0,20.800000000000001,16.75,17.039999999999999,128811500.0
2008-11-28 00:00:00,18.699999999999999,20.77,17.850000000000001,20.059999999999999,166430200.0
2008-12-05 00:00:00,19.23,19.600000000000001,17.350000000000001,18.16,150331300.0
2008-12-12 00:00:00,19.149999999999999,23.48,19.059999999999999,22.600000000000001,212694600.0
2008-12-19 00:00:00,23.129999999999999,24.75,22.609999999999999,23.350000000000001,154457700.0
2008-12-26 00:00:00,23.5,23.809999999999999,21.84,22.800000000000001,43561800.0
2009-01-02 00:00:00,22.32,24.57,22.100000000000001,24.539999999999999,47906100.0
2009-01-09 00:00:00,24.379999999999999,25.98,23.84,25.399999999999999,113860700.0
2009-01-16 00:00:00,24.739999999999998,24.940000000000001,22.52,24.280000000000001,137733600.0
2009-01-23 00:00:00,24.34,24.550000000000001,22.73,23.59,100528300.0
2009-01-30 00:00:00,23.390000000000001,25.789999999999999,23.25,25.030000000000001,114433700.0
2009-02-06 00:00:00,24.550000000000001,27.289999999999999,24.510000000000002,27.100000000000001,128807500.0
2009-02-13 00:00:00,27.010000000000002,28.149999999999999,26.079999999999998,27.600000000000001,135694200.0
2009-02-20 00:00:00,27.600000000000001,27.920000000000002,25.23,25.780000000000001,115150400.0
2009-02-27 00:00:00,25.300000000000001,27.34,25.300000000000001,26.399999999999999,67488100.0
2009-03-06 00:00:00,25.949999999999999,26.890000000000001,24.25,25.670000000000002,152286000.0
2009-03-13 00:00:00,25.149999999999999,27.989999999999998,25.109999999999999,27.699999999999999,140766700.0
2009-03-20 00:00:00,27.300000000000001,30.219999999999999,26.800000000000001,29.100000000000001,137216100.0
2009-03-27 00:00:00,29.920000000000002,31.050000000000001,29.280000000000001,29.600000000000001,118867500.0
2009-04-03 00:00:00,28.850000000000001,30.879999999999999,27.949999999999999,30.399999999999999,116989500.0
2009-04-10 00:00:00,30.140000000000001,30.899999999999999,29.510000000000002,30.84,83295100.0
2009-04-17 00:00:00,30.890000000000001,31.32,29.469999999999999,29.52,109654600.0
2009-04-24 00:00:00,29.0,29.690000000000001,28.460000000000001,29.309999999999999,77632900.0
2009-05-01 00:00:00,28.98,30.27,28.149999999999999,29.539999999999999,84968500.0
2009-05-08 00:00:00,31.379999999999999,33.039999999999999,30.149999999999999,33.0,139862700.0
2009-05-15 00:00:00,32.350000000000001,33.409999999999997,31.030000000000001,31.300000000000001,97964100.0
2009-05-22 00:00:00,31.399999999999999,33.649999999999999,31.16,32.869999999999997,102816300.0
2009-05-29 00:00:00,32.780000000000001,35.200000000000003,32.619999999999997,34.450000000000003,96530600.0
2009-06-05 00:00:00,35.289999999999999,35.399999999999999,32.850000000000001,33.979999999999997,111083200.0
2009-06-12 00:00:00,33.560000000000002,34.329999999999998,33.299999999999997,33.950000000000003,69314100.0
2009-06-19 00:00:00,33.5,33.700000000000003,31.73,31.949999999999999,87070800.0
2009-06-26 00:00:00,31.699999999999999,32.549999999999997,30.609999999999999,32.25,91112400.0
2009-07-03 00:00:00,32.600000000000001,33.32,30.899999999999999,31.010000000000002,72696700.0
2009-07-10 00:00:00,30.289999999999999,30.390000000000001,28.5,29.670000000000002,73928100.0
2009-07-17 00:00:00,29.899999999999999,31.620000000000001,28.949999999999999,31.5,81927600.0
2009-07-24 00:00:00,32.0,32.670000000000002,31.5,32.5,93909100.0
2009-07-31 00:00:00,32.549999999999997,32.659999999999997,30.800000000000001,31.469999999999999,80111500.0
2009-08-07 00:00:00,31.949999999999999,32.789999999999999,31.77,32.0,73114900.0
2009-08-14 00:00:00,31.899999999999999,32.590000000000003,31.219999999999999,32.350000000000001,77967400.0
2009-08-21 00:00:00,31.760000000000002,33.75,31.640000000000001,33.630000000000003,91041200.0
2009-08-28 00:00:00,34.0,34.200000000000003,32.170000000000002,32.549999999999997,93002900.0
2009-09-04 00:00:00,32.159999999999997,32.68,30.850000000000001,32.509999999999998,116320300.0
2009-09-11 00:00:00,32.990000000000002,33.5,32.609999999999999,33.140000000000001,55258900.0
2009-09-18 00:00:00,32.899999999999999,34.780000000000001,32.659999999999997,34.649999999999999,87092300.0
2009-09-25 00:00:00,34.380000000000003,35.079999999999998,33.700000000000003,34.109999999999999,83323600.0
2009-10-02 00:00:00,34.25,35.189999999999998,33.549999999999997,34.159999999999997,76505200.0
2009-10-09 00:00:00,34.299999999999997,35.789999999999999,33.899999999999999,35.640000000000001,68503700.0
2009-10-16 00:00:00,35.899999999999999,36.75,35.649999999999999,36.399999999999999,64698700.0
2009-10-23 00:00:00,36.75,37.700000000000003,36.020000000000003,36.5,89275400.0
2009-10-30 00:00:00,36.600000000000001,37.219999999999999,34.240000000000002,35.039999999999999,95511300.0
2009-11-06 00:00:00,34.75,36.740000000000002,34.479999999999997,36.049999999999997,52948300.0
2009-11-13 00:00:00,36.700000000000003,38.0,36.549999999999997,37.130000000000003,93394800.0
2009-11-20 00:00:00,37.640000000000001,39.200000000000003,37.270000000000003,38.5,98641100.0
2009-11-27 00:00:00,38.899999999999999,39.649999999999999,38.090000000000003,38.899999999999999,71455400.0
2009-12-04 00:00:00,38.840000000000003,40.090000000000003,38.200000000000003,38.399999999999999,77367300.0
2009-12-11 00:00:00,38.780000000000001,38.890000000000001,37.270000000000003,37.799999999999997,82920100.0
2009-12-18 00:00:00,38.020000000000003,38.450000000000003,36.469999999999999,36.579999999999998,74672400.0
2009-12-25 00:00:00,36.799999999999997,36.850000000000001,35.200000000000003,36.700000000000003,46918400.0
2010-01-01 00:00:00,36.909999999999997,37.0,36.350000000000001,36.689999999999998,23001300.0
2010-01-08 00:00:00,36.950000000000003,37.5,36.799999999999997,36.950000000000003,79009400.0
2010-01-15 00:00:00,37.210000000000001,37.340000000000003,35.509999999999998,35.75,94674500.0
2010-01-22 00:00:00,35.899999999999999,36.670000000000002,34.060000000000002,34.75,102399900.0
2010-01-29 00:00:00,34.289999999999999,35.049999999999997,33.509999999999998,34.170000000000002,70115700.0
2010-02-05 00:00:00,34.289999999999999,34.670000000000002,30.719999999999999,31.52,100564200.0
2010-02-12 00:00:00,31.800000000000001,34.020000000000003,31.420000000000002,33.799999999999997,101936800.0
2010-02-19 00:00:00,34.159999999999997,34.689999999999998,33.82,34.350000000000001,45529600.0
2010-02-26 00:00:00,34.5,34.890000000000001,33.259999999999998,34.609999999999999,86772500.0
2010-03-05 00:00:00,34.82,35.920000000000002,34.420000000000002,35.810000000000002,96328900.0
2010-03-12 00:00:00,35.829999999999998,37.469999999999999,35.409999999999997,37.060000000000002,150185000.0
2010-03-19 00:00:00,36.770000000000003,37.479999999999997,36.159999999999997,36.229999999999997,79313400.0
2010-03-26 00:00:00,35.609999999999999,36.57,34.299999999999997,34.5,95898800.0
2010-04-02 00:00:00,34.740000000000002,35.899999999999999,34.119999999999997,35.75,61952300.0
2010-04-09 00:00:00,35.950000000000003,36.409999999999997,35.229999999999997,35.229999999999997,71179800.0
2010-04-16 00:00:00,35.25,35.43,32.719999999999999,32.950000000000003,159221500.0
2010-04-23 00:00:00,32.960000000000001,34.299999999999997,32.509999999999998,34.0,78341200.0
2010-04-30 00:00:00,33.700000000000003,34.18,31.899999999999999,32.799999999999997,81831400.0
2010-05-07 00:00:00,32.549999999999997,32.630000000000003,28.300000000000001,29.75,154150400.0
2010-05-14 00:00:00,31.0,31.100000000000001,29.309999999999999,30.09,94096600.0
2010-05-21 00:00:00,30.199999999999999,30.390000000000001,27.129999999999999,27.579999999999998,122111700.0
2010-05-28 00:00:00,27.399999999999999,27.920000000000002,26.0,27.809999999999999,78017400.0
2010-06-04 00:00:00,28.210000000000001,29.690000000000001,28.210000000000001,29.25,69295800.0
2010-06-11 00:00:00,29.449999999999999,30.379999999999999,29.329999999999998,29.620000000000001,82211300.0
2010-06-18 00:00:00,29.899999999999999,29.940000000000001,28.73,29.489999999999998,80270200.0
2010-06-25 00:00:00,29.609999999999999,29.969999999999999,27.309999999999999,27.91,100021400.0
2010-07-02 00:00:00,27.920000000000002,28.059999999999999,26.309999999999999,26.77,70301300.0
2010-07-09 00:00:00,26.780000000000001,27.640000000000001,26.539999999999999,27.579999999999998,49833700.0
2010-07-16 00:00:00,27.620000000000001,27.739999999999998,26.710000000000001,26.84,50852100.0
2010-07-23 00:00:00,26.850000000000001,28.280000000000001,26.68,27.789999999999999,66300800.0
2010-07-30 00:00:00,27.789999999999999,28.16,27.449999999999999,27.850000000000001,52595800.0
2010-08-06 00:00:00,27.969999999999999,29.539999999999999,27.949999999999999,29.02,84975300.0
2010-08-13 00:00:00,28.969999999999999,29.350000000000001,27.199999999999999,27.66,69514900.0
2010-08-20 00:00:00,27.609999999999999,28.550000000000001,26.559999999999999,26.780000000000001,94868500.0
2010-08-27 00:00:00,26.920000000000002,27.190000000000001,25.5,26.559999999999999,84578200.0
2010-09-03 00:00:00,26.350000000000001,28.920000000000002,25.449999999999999,28.800000000000001,130259200.0
2010-09-10 00:00:00,29.18,29.289999999999999,27.190000000000001,27.52,88831300.0
2010-09-17 00:00:00,27.75,28.57,25.75,26.440000000000001,142614500.0
2010-09-24 00:00:00,26.420000000000002,27.460000000000001,25.82,26.300000000000001,240238000.0
2010-10-01 00:00:00,26.32,27.949999999999999,26.050000000000001,27.5,227816800.0
2010-10-08 00:00:00,27.48,27.850000000000001,24.640000000000001,26.0,226828700.0
2010-10-15 00:00:00,26.100000000000001,26.640000000000001,25.440000000000001,26.289999999999999,111571900.0
2010-10-22 00:00:00,26.149999999999999,26.5,23.899999999999999,24.210000000000001,164038300.0
2010-10-29 00:00:00,24.449999999999999,27.050000000000001,24.350000000000001,25.850000000000001,193493000.0
2010-11-05 00:00:00,26.050000000000001,27.649999999999999,25.93,27.25,107637200.0
2010-11-12 00:00:00,27.109999999999999,27.77,25.82,25.850000000000001,135920000.0
2010-11-19 00:00:00,25.850000000000001,26.09,25.129999999999999,25.699999999999999,90147200.0
2010-11-26 00:00:00,25.640000000000001,25.670000000000002,24.43,24.600000000000001,96766100.0
2010-12-03 00:00:00,24.550000000000001,25.699999999999999,24.460000000000001,25.699999999999999,104242700.0
2010-12-10 00:00:00,25.760000000000002,26.289999999999999,25.0,25.699999999999999,101853000.0
2010-12-17 00:00:00,25.890000000000001,26.09,25.039999999999999,25.940000000000001,89498100.0
2010-12-24 00:00:00,25.940000000000001,26.059999999999999,25.469999999999999,25.75,71855200.0
2010-12-31 00:00:00,25.559999999999999,27.440000000000001,25.52,27.289999999999999,83537200.0
2011-01-07 00:00:00,27.5,27.579999999999998,26.399999999999999,26.73,119764500.0
2011-01-14 00:00:00,26.649999999999999,28.120000000000001,26.579999999999998,27.550000000000001,106647800.0
2011-01-21 00:00:00,27.420000000000002,27.949999999999999,26.960000000000001,27.050000000000001,103673100.0
2011-01-28 00:00:00,27.079999999999998,27.329999999999998,26.25,26.670000000000002,78776100.0
2011-02-04 00:00:00,26.859999999999999,28.219999999999999,26.66,27.620000000000001,151227800.0
2011-02-11 00:00:00,27.800000000000001,27.870000000000001,26.300000000000001,26.399999999999999,43398900.0
2011-02-18 00:00:00,26.41,27.449999999999999,26.239999999999998,27.370000000000001,106303900.0
2011-02-25 00:00:00,27.469999999999999,28.899999999999999,27.25,28.600000000000001,148638200.0
2011-03-04 00:00:00,28.440000000000001,29.170000000000002,28.16,29.079999999999998,119572500.0
2011-03-11 00:00:00,28.399999999999999,28.43,27.670000000000002,28.170000000000002,43555100.0
2011-03-18 00:00:00,28.0,28.420000000000002,27.449999999999999,27.899999999999999,107860000.0
2011-03-25 00:00:00,28.16,28.780000000000001,27.98,28.690000000000001,64909300.0
2011-04-01 00:00:00,28.559999999999999,28.800000000000001,28.260000000000002,28.510000000000002,39225100.0
2011-04-08 00:00:00,28.800000000000001,28.850000000000001,27.719999999999999,28.010000000000002,87291600.0
2011-04-15 00:00:00,27.989999999999998,27.989999999999998,25.93,26.530000000000001,137646100.0
2011-04-22 00:00:00,25.75,26.289999999999999,25.57,26.289999999999999,42903000.0
2011-04-29 00:00:00,26.309999999999999,26.43,25.260000000000002,25.600000000000001,81598000.0
2011-05-06 00:00:00,25.710000000000001,25.890000000000001,24.140000000000001,24.210000000000001,118129600.0
2011-05-13 00:00:00,23.890000000000001,24.68,23.850000000000001,24.5,31396700.0
2011-05-20 00:00:00,24.25,24.390000000000001,23.48,23.989999999999998,31657600.0
2011-05-27 00:00:00,23.5,24.440000000000001,23.41,24.289999999999999,70484100.0
2011-06-03 00:00:00,24.32,24.350000000000001,23.670000000000002,23.780000000000001,68683200.0
2011-06-10 00:00:00,23.870000000000001,23.940000000000001,22.850000000000001,23.719999999999999,109125800.0
2011-06-17 00:00:00,23.77,23.82,23.09,23.239999999999998,80610300.0
2011-06-24 00:00:00,23.199999999999999,23.670000000000002,22.850000000000001,22.870000000000001,67069600.0
2011-07-01 00:00:00,23.0,23.890000000000001,22.870000000000001,23.75,79129700.0
2011-07-08 00:00:00,23.719999999999999,23.98,23.289999999999999,23.440000000000001,60418100.0
2011-07-15 00:00:00,23.199999999999999,23.440000000000001,22.859999999999999,22.989999999999998,76767400.0
2011-07-22 00:00:00,22.809999999999999,23.27,22.379999999999999,22.969999999999999,84897600.0
2011-07-29 00:00:00,23.890000000000001,24.210000000000001,23.41,23.5,64843800.0
2011-08-19 00:00:00,20.800000000000001,20.960000000000001,19.699999999999999,19.699999999999999,68154300.0
2011-08-26 00:00:00,20.100000000000001,20.350000000000001,19.510000000000002,19.899999999999999,94586300.0
2011-09-02 00:00:00,20.18,21.140000000000001,20.030000000000001,20.370000000000001,105748100.0
2011-09-09 00:00:00,19.899999999999999,20.879999999999999,19.68,20.149999999999999,66995200.0
2011-09-16 00:00:00,19.800000000000001,20.82,19.719999999999999,20.649999999999999,77396100.0
2011-09-23 00:00:00,20.329999999999998,21.079999999999998,19.120000000000001,19.16,103551300.0
2011-09-30 00:00:00,19.350000000000001,20.100000000000001,18.93,19.100000000000001,84163900.0
2011-10-07 00:00:00,18.960000000000001,19.09,17.899999999999999,18.300000000000001,127339600.0
2011-10-14 00:00:00,18.5,19.699999999999999,18.350000000000001,19.640000000000001,95355200.0
2011-10-21 00:00:00,19.449999999999999,19.699999999999999,18.620000000000001,19.27,97672500.0
2011-10-28 00:00:00,20.850000000000001,21.579999999999998,20.780000000000001,21.579999999999998,30090200.0
2011-11-04 00:00:00,21.649999999999999,22.18,20.399999999999999,22.100000000000001,102061300.0
2011-11-11 00:00:00,22.050000000000001,22.940000000000001,21.440000000000001,21.960000000000001,91642800.0
2011-11-18 00:00:00,21.859999999999999,22.219999999999999,21.469999999999999,21.75,75915600.0
2011-11-25 00:00:00,21.41,21.98,21.010000000000002,21.010000000000002,98201600.0
2011-12-02 00:00:00,21.510000000000002,22.73,21.32,22.530000000000001,102414200.0
2011-12-09 00:00:00,22.739999999999998,23.469999999999999,22.370000000000001,23.02,97784400.0
2011-12-16 00:00:00,22.59,22.800000000000001,21.300000000000001,21.300000000000001,101584200.0
2011-12-23 00:00:00,21.370000000000001,22.390000000000001,21.120000000000001,22.219999999999999,85287800.0
2011-12-30 00:00:00,22.300000000000001,22.34,21.0,21.489999999999998,49635000.0
2012-01-06 00:00:00,21.510000000000002,22.609999999999999,21.260000000000002,22.329999999999998,95498700.0
2012-01-13 00:00:00,22.440000000000001,23.27,22.280000000000001,23.050000000000001,111010300.0
2012-01-20 00:00:00,23.050000000000001,24.539999999999999,23.02,24.219999999999999,95188200.0
2012-01-27 00:00:00,24.09,25.890000000000001,24.039999999999999,24.670000000000002,122017200.0
2012-02-03 00:00:00,24.43,25.219999999999999,24.329999999999998,24.609999999999999,116256800.0
2012-02-10 00:00:00,24.489999999999998,25.879999999999999,23.5,23.5,180455800.0
2012-02-17 00:00:00,24.359999999999999,24.359999999999999,22.710000000000001,24.050000000000001,143030900.0
2012-02-24 00:00:00,23.920000000000002,24.59,23.670000000000002,24.48,61770200.0
2012-03-02 00:00:00,24.649999999999999,25.300000000000001,24.239999999999998,25.300000000000001,115902800.0
2012-03-09 00:00:00,25.149999999999999,25.239999999999998,23.59,23.710000000000001,93049900.0
2012-03-16 00:00:00,23.550000000000001,25.079999999999998,23.359999999999999,24.350000000000001,140958900.0
2012-03-23 00:00:00,24.010000000000002,24.399999999999999,23.670000000000002,23.699999999999999,62626900.0
2012-03-30 00:00:00,23.940000000000001,24.289999999999999,22.93,23.350000000000001,96260100.0
2012-04-06 00:00:00,23.280000000000001,23.600000000000001,21.66,22.0,82836000.0
2012-04-13 00:00:00,21.760000000000002,22.079999999999998,21.010000000000002,21.670000000000002,97260200.0
2012-04-20 00:00:00,21.829999999999998,21.93,21.27,21.460000000000001,75982800.0
2012-04-27 00:00:00,21.210000000000001,21.489999999999998,20.809999999999999,20.93,92727600.0
2012-05-04 00:00:00,20.969999999999999,22.25,20.199999999999999,20.48,104644400.0
2012-05-11 00:00:00,20.449999999999999,20.719999999999999,19.530000000000001,19.530000000000001,112974500.0
2012-05-18 00:00:00,19.079999999999998,19.600000000000001,18.43,19.07,174400400.0
2012-05-25 00:00:00,20.32,20.5,18.530000000000001,18.640000000000001,95299700.0
2012-06-01 00:00:00,18.949999999999999,19.219999999999999,18.079999999999998,18.800000000000001,116595200.0
2012-06-08 00:00:00,18.84,19.32,18.66,18.879999999999999,94720900.0
2012-06-15 00:00:00,19.109999999999999,19.190000000000001,17.829999999999998,18.550000000000001,145569700.0
2012-06-22 00:00:00,19.0,20.149999999999999,18.949999999999999,19.550000000000001,128374500.0
2012-06-29 00:00:00,18.699999999999999,18.890000000000001,17.420000000000002,18.25,151434500.0
2012-07-06 00:00:00,18.100000000000001,19.789999999999999,17.969999999999999,19.199999999999999,118568200.0
2012-07-13 00:00:00,19.100000000000001,19.640000000000001,18.039999999999999,19.550000000000001,130085600.0
2012-07-20 00:00:00,19.43,19.77,18.98,19.18,73498000.0
2012-07-27 00:00:00,18.870000000000001,20.18,18.41,20.170000000000002,116991200.0
2012-08-03 00:00:00,20.059999999999999,20.309999999999999,19.100000000000001,19.940000000000001,144456800.0
2012-08-10 00:00:00,19.02,21.199999999999999,18.829999999999998,21.07,175131800.0
2012-08-17 00:00:00,21.02,21.600000000000001,20.739999999999998,21.550000000000001,106360000.0
2012-08-24 00:00:00,21.859999999999999,21.879999999999999,21.030000000000001,21.23,91437100.0
2012-08-31 00:00:00,21.27,21.52,20.75,20.75,85358700.0
2012-09-07 00:00:00,20.77,21.140000000000001,20.280000000000001,21.0,56015400.0
2012-09-14 00:00:00,21.440000000000001,23.84,21.140000000000001,23.300000000000001,155471500.0
2012-09-21 00:00:00,23.170000000000002,23.690000000000001,22.420000000000002,22.699999999999999,116038500.0
2012-09-28 00:00:00,22.66,23.100000000000001,22.199999999999999,22.370000000000001,98670700.0
2012-10-05 00:00:00,22.329999999999998,22.879999999999999,22.02,22.25,90648200.0
2012-10-12 00:00:00,22.100000000000001,43.0,22.100000000000001,22.5,68029300.0
2012-10-19 00:00:00,22.550000000000001,23.100000000000001,22.219999999999999,22.25,122376500.0
2012-10-26 00:00:00,22.329999999999998,22.550000000000001,21.399999999999999,22.100000000000001,93483800.0
2012-11-02 00:00:00,21.5,21.719999999999999,20.68,20.850000000000001,81212400.0
2012-11-09 00:00:00,20.629999999999999,21.800000000000001,20.43,20.780000000000001,111441800.0
2012-11-16 00:00:00,20.829999999999998,20.960000000000001,18.84,19.030000000000001,104629400.0
2012-11-23 00:00:00,19.440000000000001,19.620000000000001,18.449999999999999,19.170000000000002,91101500.0
2012-11-30 00:00:00,19.129999999999999,19.289999999999999,18.350000000000001,18.66,139660400.0
2012-12-07 00:00:00,18.879999999999999,19.239999999999998,18.66,19.079999999999998,101588400.0
2012-12-14 00:00:00,19.039999999999999,20.280000000000001,18.940000000000001,20.210000000000001,162725900.0
2012-12-21 00:00:00,20.079999999999998,21.170000000000002,19.800000000000001,20.690000000000001,156567100.0
2012-12-28 00:00:00,20.539999999999999,20.68,19.300000000000001,19.52,81742100.0
2013-01-04 00:00:00,19.989999999999998,20.620000000000001,19.690000000000001,20.43,96876200.0
2013-01-11 00:00:00,20.48,20.670000000000002,19.460000000000001,19.879999999999999,117271800.0
2013-01-18 00:00:00,20.010000000000002,20.239999999999998,19.539999999999999,19.579999999999998,113357600.0
2013-01-25 00:00:00,19.57,19.75,19.23,19.609999999999999,78434700.0
2013-02-01 00:00:00,19.73,19.809999999999999,17.899999999999999,18.460000000000001,176313100.0
2013-02-08 00:00:00,18.16,18.350000000000001,17.260000000000002,17.739999999999998,208647800.0
2013-02-15 00:00:00,17.949999999999999,18.0,17.530000000000001,17.629999999999999,73232700.0
2013-02-22 00:00:00,17.640000000000001,18.18,17.010000000000002,17.149999999999999,136337200.0
2013-03-01 00:00:00,17.050000000000001,17.100000000000001,16.399999999999999,16.899999999999999,151865700.0
2013-03-08 00:00:00,16.82,19.579999999999998,16.469999999999999,18.370000000000001,234120300.0
2013-03-15 00:00:00,18.289999999999999,19.550000000000001,17.920000000000002,19.09,153881700.0
2013-03-22 00:00:00,18.899999999999999,19.350000000000001,18.460000000000001,18.629999999999999,140026900.0
2013-03-29 00:00:00,18.73,18.879999999999999,18.350000000000001,18.420000000000002,53427100.0
2013-04-05 00:00:00,18.27,18.379999999999999,17.550000000000001,17.800000000000001,88302500.0
2013-04-12 00:00:00,17.859999999999999,18.649999999999999,17.34,17.960000000000001,134121000.0
2013-04-19 00:00:00,17.699999999999999,18.48,16.98,18.48,165779800.0
2013-04-26 00:00:00,18.370000000000001,19.690000000000001,18.170000000000002,19.170000000000002,127406200.0
2013-05-03 00:00:00,20.0,20.66,19.440000000000001,20.0,193393200.0
2013-05-10 00:00:00,20.010000000000002,20.82,19.710000000000001,19.949999999999999,126838500.0
2013-05-17 00:00:00,19.809999999999999,20.079999999999998,19.25,19.890000000000001,118197900.0
2013-05-24 00:00:00,19.91,20.399999999999999,19.48,20.050000000000001,159366200.0
2013-05-31 00:00:00,20.010000000000002,20.359999999999999,19.800000000000001,20.050000000000001,93794900.0
2013-06-07 00:00:00,20.109999999999999,20.469999999999999,18.719999999999999,18.84,153228200.0
2013-06-14 00:00:00,18.84,19.120000000000001,17.940000000000001,18.059999999999999,158892900.0
2013-06-21 00:00:00,18.449999999999999,18.530000000000001,16.399999999999999,16.460000000000001,202333700.0
2013-06-28 00:00:00,15.970000000000001,16.600000000000001,15.57,16.170000000000002,162888100.0
2013-07-05 00:00:00,16.350000000000001,16.350000000000001,14.94,15.15,201763500.0
2013-07-12 00:00:00,15.199999999999999,15.92,14.970000000000001,15.43,101168000.0
2013-07-19 00:00:00,15.449999999999999,16.289999999999999,15.35,15.98,112902600.0
2013-07-26 00:00:00,15.970000000000001,16.879999999999999,15.9,16.84,112012900.0
2013-08-02 00:00:00,16.989999999999998,17.059999999999999,16.170000000000002,16.940000000000001,95827700.0
